"id","eixo","data_avaliacao","tipo_entidade","entidade","componente","item","estagio","pontuacao","comentario"
"1903","Financiamento","2025-09-01","Estado","Bahia","F1","A","Estágio intermediário","0.666","O PPA vigente (2024 - 2027) prevê a execução do Programa Meio Ambiente e Mudança do Clima, que, dentre outros, objetiva a implementação de ações de adaptação e mitigação das mudanças climáticas. Dentre as iniciativas previstas estão: implementar a Política Estadual de Mudança do Clima; realizar ações de prevenção e combate a incêndios florestais e implementar o Programa Estadual de Pagamento por Serviços Ambientais. Ademais, existem ações em outros programas que possuem relação ao tema mudanças climáticas, tais como elaborar estudos, planos e projetos na área de drenagem e manejo das águas pluviais urbanas e realizar intervenções na área de resíduos sólidos (Programa Universalização do Saneamento Básico), promover ações de prevenção e resposta aos desastres (Programa Bahia Mais Segura) e promover ações de mitigação dos efeitos das mudanças climáticas na produção agrícola (Programa Cultive Conhecimento). Verificou-se a alocação de recursos em ações integrantes do Programa Meio Ambiente e Mudança do Clima e outras ações orçamentárias que possuem ligação ao tema, ressaltando-se que em algumas delas não houve execução financeira (2024 e 2025), tal como a Ação 4093 (Promoção do Fórum Estadual de Mudança Climática). Não foi possível verificar se as ações previstas no PPA estão alinhadas com metas/objetivos da Política Estadual de Mudan"
"1890","Financiamento","2025-09-01","Estado","Bahia","F1","B","Estágio inicial","0.333","Na LOA 2025, há ações de mitigação dos efeitos das mudanças climáticas: Implementar o plano Agricultura de Baixo Carbono ABC+Bahia (SDR); Fortalecer processos formativos em Meio Ambiente, Recursos Hídricos e Mudanças Climáticas (SEMA); Potencializar a educação ambiental de forma transversal e continuada- Realização de Ação de Educação Ambiental do Meio Ambiente, Recursos Hídricos e Mudanças Climáticas (SEMA); Realizar ações de prevenção e combate a incêndios florestais(SEMA). A classificação destas despesas seguem a metodologia adotada para todos os outros Programas setoriais, não existindo códigos ou rubricas específicas que diferenciem os gastos diretos ou indiretos relacionados com a Ação Climática."
"1892","Financiamento","2025-09-01","Estado","Bahia","F1","C","Estágio inicial","0.333","A Auditoria identificou normativos que estabelecem critérios de sustentabilidade nas contratações públicas estaduais, não havendo, especificamente, critérios relacionados à redução de GEE e adaptação à mudança do clima. O Estado sancionou sua nova Lei de Licitações e Contratos (Lei 14.634/2023), alinhando-se a Lei Federal 14.133/2021, estabelecendo o desenvolvimento sustentável como um dos seus princípios. Identificou-se o Decreto Estadual nº 14.692/2013, que instituiu o Programa Est. de Compras Públicas sustentáveis e o Decreto nº 22.598/2024, que trata da elaboração dos ETP's para aquisição de bens e contratação de serviços pelos órgãos e entidades da Adm. Pública direta, autárquica e fundacional do Executivo baiano, determinando, em seu Art. 6º, que dentre os elementos obrigatórios no ETP deverá estar presente ""descrição de possíveis impactos ambientais e respectivas medidas mitigadoras, incluídos requisitos de baixo consumo de energia e de outros recursos, bem como logística reversa para desfazimento e reciclagem de bens e refugos, quando aplicável"". Verificou-se, ainda, a Instrução Normativa SAEB nº 015/2014, que orienta sobre sustentabilidade ambiental na aquisição de bens e contratações de serviços de Tecnologia da Informação e Comunicação e a Instrução Normativa SAEB 003/2024, que orienta os órgãos e entidades do Executivo Estadual quanto à elaboração dos ETPs, prevendo, em anexo único, , modelo padronizado que expressamente exige a avaliação de impactos ambientais."
"1894","Financiamento","2025-09-01","Estado","Bahia","F1","D","Estágio inicial","0.333","Não existe, nos sites dos órgãos ambientais estaduais, uma transparência específica acerca das ações e gastos dentro da Política Estadual de Mudança do Clima (ou outras políticas estaduais ambientais). O que existe, no âmbito estadual, é o Portal da Transparência do Estado da Bahia (www.transparencia.ba.gov.br ), que oferece à sociedade uma consulta detalhada das despesas executadas pelo Poder Público, por ação orçamentária, inclusive aquelas vinculadas diretamente à política climática, a exemplo da Ação 3070 - Elaboração de Estudo de Mudança do Clima. Tal ferramenta digital oficial possibilita a pesquisa dos gastos ocorridos em programas estaduais, o que inclui as políticas públicas ambientais."
"1921","Financiamento","2025-09-01","Estado","Bahia","F2","A","Estágio inicial","0.333","A Auditoria identificou programas e iniciativas da União destinados a mitigação e adaptação às mudanças climáticas. Dentre os principais, destacam-se a Política Nacional sobre Mudança do Clima, o Plano Clima, o Fundo Clima, o Plano de Ação Brasileiro de Combate à Desertificação e Mitigação dos Efeitos da Seca; e programas como Cidades Modelo Verdes Resilientes e  AdaptaCidades. Ademais, verificou-se a existência de três Programas na área de recursos hídricos, financiados pela ANA. Conforme informado pela SEMA: ""Atualmente, o Estado da Bahia não dispõe de processo formalizado para mapeamento específico de oportunidades de obtenção de recursos financeiros vinculados à adesão aos instrumentos da Política Nacional de Mudança do Clima (PNMC), previstos no artigo 7º da Lei Federal nº 12.187/2009, ou a planos estaduais correlatos"". Verificou-se que a Bahia aderiu ao Programa AdaptaCidades e ao Plano ABC+ do Ministério da Agricultura e Pecuária (plano setorial para adaptação às mudanças climáticas e redução de emissões de carbono na agropecuária, visando o desenvolvimento sustentável). Ademais, Auditoria realizada em 2021 pelo TCE/BA verificou que o Estado aderiu a Programas Federais financiados pela ANA, na área de gestão de recursos hídricos (Programas QUALIÁGUA, PROGESTÃO e PROCOMITÊS). Adicionalmente, destaca-se a recente coordenação, pela SEMA, do Projeto Raízes Resilientes, em cooperação com o Banco Nacional de Desenvolvimento Econômico e Social."
"6724","Financiamento","2025-09-01","Estado","Bahia","F2","B","Sem progresso","0","O Estado da Bahia não dispõe de mapeamento de oportunidades de financiamento para as ações climáticas, com identificação de linhas para projetos prioritários, com um planejamento estratégico para acesso a fontes externas. Segundo informado pela SEMA: ""As articulações para obtenção de financiamentos destinados às ações climáticas são realizadas conforme a disponibilidade e as oportunidades apresentadas pelos editais e chamadas públicas. Como exemplo, destaca-se o Projeto Sertão Vivo, sob a administração da Companhia de Desenvolvimento e Ação Regional - CAR, lançado em julho de 2025, fruto de cooperação entre o Governo da Bahia, o Banco Nacional de Desenvolvimento Econômico e Social (BNDES), o Fundo Internacional de Desenvolvimento Agrícola (FIDA) e o Fundo Verde Clima."
"6803","Financiamento","2025-09-01","Estado","Bahia","F2","C","Sem progresso","0","A SEMA, conforme transcrito a seguir, informou acerca da inexistência de mecanismos de monitoramento de captação de recursos: Atualmente, a Secretaria do Meio Ambiente não dispõe de mecanismo formal e sistematizado de monitoramento contínuo ou periódico específico para as ações de captação de recursos voltadas à política climática. No entanto, a Pasta reconhece a relevância desse instrumento para o fortalecimento da gestão ambiental e vem envidando esforços para estruturar procedimentos internos que possibilitem maior rastreabilidade e avaliação das iniciativas desenvolvidas. Diante disso, como parte do processo de aprimoramento da gestão, estão sendo avaliadas alternativas viáveis para organizar e reunir, de forma mais sistemática, as informações sobre projetos, parcerias e cooperações técnicas, de modo a facilitar o acompanhamento dessas iniciativas e subsidiar, de maneira mais eficiente, a tomada de decisões relacionadas às ações climáticas no Estado""."
"6641","Financiamento","2025-09-01","Estado","Bahia","F3","A","Estágio intermediário","0.666","Não foi apresentado mapeamento de possíveis oportunidades para incentivar empresas/cidadãos a investirem em ações para mitigação/adaptação das mudanças climáticas. Apesar disto, verificou-se que normativos foram publicados objetivando incentivar o uso de recursos privados em ações para produção/uso de energias renováveis. A Política Estadual de Incentivo à Geração e Aproveitamento de Energia Solar (Lei 13.914/2018) promove a racionalização do consumo energético e o uso de energia solar fotovoltaica, e tem, dentre seus objetivos, conceder incentivos fiscais/tributários às empresas que fabricam equipamentos geradores de energia alternativa. O Plano Estadual para a Economia do Hidrogênio Verde (Decreto 21.200/2022) busca fortalecer a cadeia produtiva do hidrogênio verde e fomentar sua aplicação em setores industriais, de mobilidade e transporte. A Lei 14.638/2023 isentou de IPVA automóveis elétricos. A Lei Estadual 14.889/2025 instituiu o Programa Estadual de Transição Energética, que tem, entre seus objetivos, a diversificação das fontes de produção e abastecimento de energia. Ademais, verificou-se, em auditoria realizada em 2023 por este TCE (gestão florestal de Unidades de Conservação), a concessão, pelo INEMA, de diversas licenças ambientais autorizando empresas privadas a instalarem na Bahia Usinas Produtoras de energia eólica, fonte energética renovável (a Bahia é o segundo maior produtor estadual desta fonte)."
"6642","Financiamento","2025-09-01","Estado","Bahia","F3","B","Sem progresso","0","Através do item 14 da Solicitação MSOL.003.2025 foi requerida a seguinte informação: ""A mobilização destes recursos privados para financiamento climático (caso existam) são monitoradas de modo contínuo e regular (ao menos uma vez ao ano) pelo estado?"". Não foi apresentada nenhuma resposta acerca desta questão. Ademais, a Auditoria não verificou, nos sites dos órgãos ambientais ou outras fontes, qualquer ferramenta publicizando informações desta natureza (se as ações para a mobilização de recursos privados para financiamento climático são monitoradas de modo contínuo e regular; e Se existem sistemas, relatórios, websites ou outras ferramentas ou plataformas específicas (mecanismos) que apresentem dados sobre a mobilização de recursos privados de modo contínuo, com dados atualizados e disponíveis para pesquisa e auditoria - transparência ativa)."
"1349","Governança","2025-09-01","Estado","Bahia","G1","A","Estágio avançado","1","O Estado da Bahia possui um quadro legal e regulatório abrangente, conforme evidências em anexo, que inclui ações de mitigação e adaptação dos efeitos das mudanças climáticas."
"3161","Governança","2025-09-01","Estado","Bahia","G1","B","Estágio inicial","0.333","O quadro legal e regulatório do Estado da Bahia estabelece parâmetros para mitigação e adaptação dos impactos climáticos. O Estado vem avançando na regulamentação de dispositivos, a exemplo  do Programa Bahia Sem Fogo, regulamentado pelo Decreto 23835/2025. Porém, dos instrumentos previstos na Política Estadual sobre Mudança do Clima, Lei Estadual nº 12.050/2011, o Plano Estadual sobre Mudança do Clima; o Plano Estadual de Prevenção e Combate a Incêndios Florestais; o Plano Estadual de Educação Ambiental; o Plano Estadual de Meio Ambiente; ainda não foram implementados; e o Plano Estadual de Combate à Desertificação e Mitigação dos Efeitos da Seca (PAE-Bahia) e de Recursos Hídricos, estão desatualizados.  Somado a isso, apesar da Lei do Estado da Bahia prevê o Inventário Estadual de Gases de Efeito Estufa - GEE - como instrumento, não há previsão de meta de redução. Em 2023, o Estado formalizou Acordo de Cooperação Técnica para realizar estimativas e inventários GEE. Assim, conclui-se que o quadro legal e regulatório do Estado da Bahia é compatível com os principais dispositivos federais, porém sem prazos e metas específicas definidas, em razão da não implementação/desatualização dos instrumentos da Política."
"3201","Governança","2025-09-01","Estado","Bahia","G1","C","Estágio inicial","0.333","O marco legal e regulatório da Bahia, que prevê mecanismos de integração dos aspectos das mudanças climáticas, é a Lei Estadual nº 12.050/2011, ainda não regulamentada. Em seu Art.6, há previsão, como instrumento da Política (PEMC): dotações específicas para ações em mudança do clima no Orçamento do Estado.  Há, ainda, previsão de articulação dos instrumentos da PEMC, na sua dimensão institucional, contemplando fóruns, colegiados e espaços públicos/institucionais.  Considerando os instrumentos de planejamento do Estado, no Plano de Desenvolvimento Integrado da Bahia-PDI 2035, eixo estratégico Meio Ambiente e Segurança Hídrica, foi definido o objetivo: Promover a mitigação e a adaptação às mudanças climáticas. No PPA 2024-2027, eixo estratégico Meio Ambiente e Segurança Hídrica, há previsão do Programa Meio Ambiente e Mudança do Clima, tendo como Órgãos participantes a Secretaria de Meio Ambiente - SEMA, e a Secretaria de Segurança Pública-SSP.  No Plano Estadual de Saúde- PES 2024-2027, também instrumento da PEMC, há previsão de Elaboração de um Plano Setorial da Saúde de mitigação e adaptação às mudanças climáticas na Bahia. Ainda, a LOA 2025 contempla ações voltadas para adaptação e mitigação dos efeitos das mudanças climáticas. Porém, as disposições contidas nestes instrumentos estão desarticuladas da Política; a ausência ou desatualização dos Planos comprometem a integração das questões de mudança do clima nos principais instrumentos de planejamento."
"6242","Governança","2025-09-01","Estado","Bahia","G2","A","Estágio avançado","1","Existe uma estrutura governamental formal para tratar de aspectos relacionados às mudanças climáticas. Vinculado à estrutura da SEMA, há o Fórum Baiano de Mudanças Climáticas Globais e de Biodiversidade, composto por 13 órgãos do Poder Público Estadual e a Marinha do Brasil (Decreto 9.519/2005); além de dois Fundos Públicos em funcionamento, destinados a financiar ações relacionadas a tais políticas: Fundo Estadual de Recursos Hídricos, que começou a executar recursos em 2024 (em 2025, possuía um orçamento, atualizado até maio, de R$2.710.180,20) e Fundo Estadual de Recursos Ambientais, que executa recursos há mais de dez anos (em 2025, possuía um orçamento de R$6.709.017,27). Ainda, na estrutura do INEMA, foi verificada a Coordenação de Estudos de Clima e Projetos Especiais (COCEP), vinculada à Diretoria de Recursos Hídricos e Monitoramento Ambiental (DIRAM). A Lei Estadual nº 14.889/2025 criou o Comitê de Acompanhamento do Plano Estadual de Transição Energética (representantes da SEMA, SDE, SECTI, SEAGRI, SEINFRA, SDR, FAPESB e INEMA), possuindo, dentre outras competências, a de monitorar as ações e resultados dos diversos projetos e ações, no âmbito dos governos federal e estadual, bem como de parceiros privados nacionais e internacionais, que se relacionem com a execução do Plano Estadual de Transição Energética, de forma a enfrentar os efeitos adversos da mudança do clima, tendo como efeito a redução das emissões de gases de efeito estufa."
"6301","Governança","2025-09-01","Estado","Bahia","G2","B","Estágio avançado","1","De acordo a Lei nº 12.212/2011 e o seu Regimento Interno, a SEMA é responsável pelo planejamento, coordenação, supervisão e controle da Política Estadual sobre Mudança do Clima. Dentro da estrutura institucional do Estado, compete a esta Secretaria as maiores responsabilidades no sentido de liderar, coordenar, implementar, monitorar e dar transparência aos assuntos referentes a tal Política. O Fórum Baiano de Mudanças Climáticas Globais e de Biodiversidade, vinculado à SEMA, e presidido pelo seu Secretário, de acordo com o Art. 2º do Decreto nº 9.519/2005, tem importantes responsabilidades na implementação, divulgação e transparência da Política Estadual sobre Mudanças do Clima, a exemplo de promover a estruturação e a implementação do Plano de Mudanças Climáticas. Cabe ao INEMA, segundo a Lei nº 12.212/2011 e seu regimento interno, a responsabilidade de executar a Política Estadual sobre Mudança do Clima, tendo, dentre suas competências, executar ações e programas relacionados à Política. Apesar de uma maior responsabilidade dos órgãos ambientais, existe transversalidade na execução da Política, tendo representantes de outros órgãos estaduais participando do Fórum Baiano de Mudanças Climáticas, do Comitê de Acompanhamento do Plano Estadual de Transição Energética, além de outras ações relacionadas às mudanças climáticas, tais como aquelas exercidas pela SEAGRI,na execução dos Planos de mitigação voltados para a agricultura baiana (Plano ABC+ Bahia)."
"4045","Governança","2025-09-01","Estado","Bahia","G2","C","Estágio avançado","1","Na Bahia, as ações climáticas estão sob a liderança da Secretaria do Meio Ambiente, instância de alto nível na estrutura do Governo do Estado, ligada diretamente ao chefe do Executivo, gestora da Política Estadual de Mudança do Clima. A SEMA e o INEMA possuem quadro técnico responsável pela gestão das políticas ambientais do Estado, compondo seus quadros especialistas em meio ambiente, que desenvolvem ações em diversas áreas, tais como gestão de Unidades de Conservação, licenciamento, fiscalização e monitoramento ambiental. Em relação aos subsídios técnicos, foi apresentado o Inventário Estadual de Gases de Efeito Estufa - GEE (versões publicadas em 2022 e 2024), além de providências em andamento para implementação de outras ferramentas técnicas, previstas na Política de Mudança do Clima (tais como o Zoneamento Ecológico-Econômico do Estado da Bahia e o o Mapa Estadual de Vulnerabilidade às Mudanças Climáticas). O Secretário preside o Fórum Baiano de Mudanças Climáticas Globais e de Biodiversidade, que tem importantes responsabilidades na implementação, divulgação e transparência da Política Estadual sobre Mudanças do Clima.  Conforme citado no item anterior, as responsabilidades de cada ator foram definidas nos normativos existentes."
"3221","Governança","2025-09-01","Estado","Bahia","G3","A","Estágio inicial","0.333","O Mapa Estadual de Vulnerabilidade às Mudanças Climáticas é um instrumento previsto na Lei Estadual 12.050/2011, Art. 6, XVIII. Porém, o referido instrumento ainda não foi elaborado. A SEMA informou que vem trabalhando na elaboração desse mapa junto ao MCTI, por meio de um Termo de Cooperação. Ademais, especificamente em relação à área agropecuária, foi constatado no Plano Estadual de Mitigação e Adaptação às Mudanças Climáticas na Agricultura para a Consolidação de uma Economia de Baixa Emissão de Carbono da Bahia (Plano ABC+, para o período 2020 - 2030), a motivação para as metas estabelecidas, quais sejam diminuição da vulnerabilidade e aumento da resiliência dos sistemas de produção agropecuários; por meio da identificação e mapeamento das áreas estratégicas no Estado, levando em conta os aspectos econômicos, sociais e ambientais."
"4523","Governança","2025-09-01","Estado","Bahia","G3","B","Estágio inicial","0.333","O Estado da Bahia ainda não possui o Mapa Estadual de Vulnerabilidade às Mudanças Climáticas, instrumento previsto na Lei 12.050/2011. Porém, foram constatadas, no PPA 2024-2027: iniciativa vinculada à SEAGRI: implementar o Plano Estadual de Mitigação e Adaptação às Mudanças Climáticas na Agricultura para a Consolidação de uma Economia de Baixa Emissão de Carbono da Bahia (Plano ABC+, para o período 2020 - 2030); iniciativa vinculada à Secretaria Estadual da Saúde - SESAB: Implantar mecanismos para mapeamento das áreas de risco para atuação da Vigilância em Saúde Ambiental - SESAB/FESBA; iniciativa vinculada à Casa Civil: Apoiar o mapeamento das áreas em situação de risco em municípios baianos - CASA CIVIL. Portanto, os riscos climáticos são utilizados de forma pontual nas iniciativas citadas."
"6349","Governança","2025-09-01","Estado","Bahia","G4","A","Estágio intermediário","0.666","O Fórum Baiano de Mudanças Climáticas Globais e de Biodiversidade, instituído através do Decreto nº 9.519/2005, tem, entre outras responsabilidades, facilitar a interação entre a sociedade civil e o poder público, para promover a internalização do tema Mudanças Climáticas nas esferas de atuação dos atores sociais relevantes. O mesmo é composto por representantes permanentes de diversos entes do Poder Público Estadual: SEMA; Casa Civil; Secretaria de Ciência, Tecnologia e Inovação; Secretaria de Infraestrutura; Secretaria de Desenvolvimento Econômico; Secretaria de Desenvolvimento Urbano; Secretaria da Agricultura, Pecuária, Irrigação, Pesca e Aquicultura; Secretaria do Planejamento; Secretaria de Desenvolvimento Rural; Secretaria de Infraestrutura Hídrica e Saneamento; Instituto do Meio Ambiente e Recursos Hídricos; Companhia de Gás da Bahia e Ministério Público Estadual. Além destes, é membro permanente a Marinha do Brasil, podendo integrar o Fórum representantes de entidades da sociedade civil, tais como Federação das Indústrias do Estado da Bahia; Federação da Agricultura e Pecuária do Estado da Bahia; Associação Brasileira de Energia Eólica e Energia Solar, dentre outros. Apesar de solicitado, não foram entregues as Atas das Reuniões do Fórum, referentes ao período 2023 - 2025 (apenas as pautas). Na página do Fórum, na internet, também não foram divulgadas as Atas das reuniões ocorridas neste período, impossibilitando a Auditoria certificar seu funcionamento."
"6369","Governança","2025-09-01","Estado","Bahia","G4","B","Estágio avançado","1","O Estado da Bahia participa de mecanismos de coordenação horizontal intergovernamental voltados à agenda climática. Verificou-se a participação na Câmara Temática de Meio Ambiente do Consórcio Interestadual de Desenvolvimento Sustentável do Nordeste (Consórcio Nordeste), que reúne os nove estados da região para formulação conjunta de políticas públicas, incluindo projetos climáticos estruturantes. A participação da Bahia no Consórcio foi ratificada pela Lei Estadual nº 14.087/2019. Participa também do Consórcio Brasil Verde, formado por 21 estados-membros, voltado à cooperação entre unidades federativas brasileiras no cumprimento das metas do Acordo de Paris (Lei Estadual nº 14.586/2023). O Secretário do Meio Ambiente integra a Associação Brasileira de Entidades Estaduais de Meio Ambiente (ABEMA), espaço de articulação e posicionamento político dos entes estaduais sobre temas ambientais. Ademais, o Estado da Bahia integra também a rede do ICLEI - Governos Locais pela Sustentabilidade, mantendo filiação ativa e participação em programas de apoio à ação climática local e subnacional."
"6381","Governança","2025-09-01","Estado","Bahia","G4","C","Estágio avançado","1","O Estado da Bahia mantém participação em mecanismos de coordenação vertical intergovernamental voltados à gestão ambiental. Dentre esses mecanismos, destaca-se a Comissão Tripartite Nacional do Sistema Nacional do Meio Ambiente (SISNAMA), instância estratégica de articulação entre os entes federativos (União, Estados, Distrito Federal e Municípios. Paralelamente, a Bahia conta com estrutura própria de articulação federativa no âmbito estadual, por meio da Comissão Tripartite Estadual da Bahia, cuja composição foi atualizada por meio da Portaria GM/MMA nº 1.02/2024, do Ministério do Meio Ambiente e Mudança do Clima (MMA). Essa comissão representa o desdobramento estadual da coordenação federativa ambiental, possibilitando maior alinhamento entre as ações dos diferentes níveis de governo. Ambas as comissões - nacional e estadual - promovem o diálogo institucional, contribuindo para a formulação de respostas coordenadas a desafios complexos, como a adaptação às mudanças climáticas, o ordenamento do uso do solo e a conservação da biodiversidade."
"4505","Governança","2025-09-01","Estado","Bahia","G5","A","Estágio intermediário","0.666","Na Bahia, existem mecanismos formais, ativos, de participação de atores não governamentais, a exemplo do  Fórum Baiano de Mudanças Climáticas Globais e de Biodiversidade, do Conselho Estadual do Meio Ambiente; do Conselho Estadual de Recursos Hídricos - CONERH, e da Comissão Interinstitucional de Educação Ambiental - CIEA. Portanto, existem mecanismos formais, contínuos e deliberativos de participação tanto para a concepção como para a implementação de políticas ou ações relacionadas ao clima. Os mecanismos propostos possuem capacidade de interação regular com os órgãos estaduais envolvidos na ação climática. Ainda, há previsão, nesses mecanismos, de deliberação das decisões adotadas pelos órgãos colegiados, por meio de Resoluções. Porém, apesar dos registros contidos nas atas das reuniões dos Conselhos, não há evidências quanto à existência de relatórios, resposta institucional à sociedade, que apontem se as deliberações, sugestões, foram incorporadas ou  rejeitadas, justificando as razões."
"4506","Governança","2025-09-01","Estado","Bahia","G5","B","Estágio avançado","1","Ao analisar a participação de diversos segmentos sociais e econômicos na discussão sobre mudanças climáticas, foi verificada a presença da sociedade civil, poder público, academia e setor privado, nos atores citados pela Lei 12.050/2011.  A escolha das representações da Sociedade Civil e Setor Privado é feita por processo eleitoral público, em que cada segmento vota e elege seus representantes nos Colegiados. Portanto, existe representação das categorias, formalizada, com participação de representações da sociedade, o que pode ser constatado no CEPRAM, CONERH, CIEA e Fórum Baiano de Mudanças Climáticas Globais e de Biodiversidade."
"4524","Governança","2025-09-01","Estado","Bahia","G6","A","Sem progresso","0","Os grupos mais vulneráveis aos impactos das mudanças climáticas ainda não foram identificados, não existindo mapeamento destes grupos. Conforme informado pela SEMA: ""... está sendo desenvolvido o Mapa Estadual de Vulnerabilidade às Mudanças Climáticas ...""."
"4508","Governança","2025-09-01","Estado","Bahia","G6","B","Estágio intermediário","0.666","Conforme resposta da SEMA, em anexo, no que se refere a dimensão institucional de articulação de instâncias colegiadas com os instrumentos da Política Estadual sobre Mudança do Clima, existem mecanismos formais, a exemplo do Conselho Estadual do Meio Ambiente - CEPRAM, Conselho Estadual de Recursos Hídricos - CONERH e Comissão Interinstitucional de Educação Ambiental - CIEA, com representações de povos e comunidades tradicionais, assim como de povos indígenas."
"4526","Governança","2025-09-01","Estado","Bahia","G6","C","Sem progresso","0","Conforme já informado, não há, no estado da Bahia, até o momento, planos de mitigação e adaptação elaborados (com exceção da área agropecuária, que possue o Plano ABC+). Em relação ao quadro legal e regulatório (G1A), a Auditoria não identificou ferramentas que prevejam uma perspectiva de equidade."
"4980","Governança","2025-09-01","Estado","Bahia","G7","A","Estágio inicial","0.333","Segundo o Regimento Interno da Assembleia Legislativa do Estado da Bahia (Resolução ALBA nº 1.193/1985), uma das Comissões Permanentes previstas na estrutura da Casa Legislativa (Art. 51) é a Comissão do Meio Ambiente, Seca e Recursos Hídricos, a quem cabe manifestar-se acerca de toda a matéria que direta ou indiretamente se relacione com a preservação do meio ecológico e ambiental. Conforme verificado no site da ALBA e em visita in loco, tal Comissão está constituída e em funcionamento, sendo que em duas visitas da Auditoria, realizadas em 2025, as sessões não ocorreram por ausência de quórum. Em uma terceira, membros da Gerência 1A assistiram a uma audiência pública promovida pela Comissão, tendo como assunto temas ligados à Política Estadual de Recursos Hídricos. Foi solicitado ao presidente desta Comissão se já houve alguma atividade legislativa específica relacionada ao tema Mudanças Climáticas Globais ou Política Estadual da Mudança do Clima (audiências públicas, debates, relatórios, etc), sendo encaminhado, caso positivo, comprovação documental (atas, convocações, relatórios, etc). Em resposta, o assessor do deputado presidente informou que não houve, tendo ocorrido em relação ao tema, apenas uma palestra a estudantes do ensino médio no Colégio Municipal Joselito Amorim, em Feira de Santana, com o Tema ""Transição Energética no Contexto das Mudanças Climáticas""."
"3741","Governança","2025-09-01","Estado","Bahia","G7","B","Estágio intermediário","0.666","Verificou-se que, nos últimos cinco anos, foram realizadas três Auditorias pelo TCE/BA, nas quais foram abordados assuntos relacionados ao tema mudanças climáticas (duas Prestações de Contas e uma Inspeção). As duas contas referiram-se às Auditorias de Prestação de Contas do INEMA - exercício de 2022 (Processo TCE/001705/2023) e da SEMA - exercício de 2023 (Processo TCE/001665/2024). O INEMA é o órgão executor e a SEMA é o órgão gestor da Política Estadual sobre Mudança do Clima, sendo acompanhado, em ambos os trabalhos, aspectos relacionados à formulação, implementação e avaliação das Políticas Públicas sob responsabilidade destes dois órgãos, dentre estas, a Política Estadual sobre Mudança do Clima). Em relação à Inspeção (Processo TCE/012669/2023), tal trabalho acompanhou, no âmbito da SEMA e do INEMA, aspectos relacionados à gestão florestal das Unidades de Conservação, de forma a responder se as ações implementadas pelos órgãos ambientais estaduais têm contemplado obrigatoriedades legais previstas, no intuito de consolidar as Unidades de Conservação de domínio estadual como instrumento efetivo de proteção dos biomas. Foram acompanhados obrigatoriedades previstas na Política Estadual sobre Mudança do Clima, a exemplo da criação do Plano Estadual de Mudança do Clima e do Plano Estadual de Prevenção e Combate a Incêndios Florestais. Não foram realizados trabalhos pela Auditoria Geral do Estado, órgão central de Controle Interno do Governo Estadual, com foco neste tema."
"4974","Governança","2025-09-01","Estado","Bahia","G7","C","Estágio intermediário","0.666","Verificou-se a implementação das seguintes ações no âmbito do TJ/BA: 1) Criação de Unidade Judiciária Especializada. O Decreto Judiciário nº 274/2024 criou o Núcleo de Justiça 4.0 Metas - 03, com competência para julgamento de ações que envolvam, entre outros temas, o Direito Ambiental. 2) Criação de um núcleo especializado na temática ambiental. Através do Decreto Judiciário n° 93/2025, foi instituído o Grupo do Meio Ambiente, responsável por implementar as diretrizes do Fórum Ambiental do Poder Judiciário (FONAMB). 3) Reunião inicial realizada entre os membros do Grupo, onde foi discutida e apresentada proposta de implementação das Diretrizes da Resolução CNJ611/2024 no âmbito do TJ/BA. 4) Solicitação ao setor competente do TJ/BA da atualização do Painel de Priorização de Processos, no tocante às metas ambientais. 5) Representação de membro do Grupo no Encontro Nacional do Meio Ambiente do Poder Judiciário, no qual ficou deliberado ação nacional, coordenada pelo CNJ, tendo como diretriz prioritária a promoção de julgamentos de processos com matéria ambiental; além da implementação da Semana da Pauta Verde."
"1704","Políticas públicas","2025-09-01","Estado","Bahia","P1","A","Estágio intermediário","0.666","A Bahia possui Política sobre a Mudança do Clima, que tem, dentre os seus objetivos, a mitigação dos impactos adversos resultantes das interferências antrópicas no sistema climático; formalizada por meio da Lei 12.050/2011, aprovada e em vigor. Porém, não possui Plano Estadual sobre Mudança do Clima. Foi constatado a existência de dois Planos Setoriais: Atlas H2V Bahia; e o Plano estadual para adaptação à mudança do clima e baixa emissão de carbono na agropecuária com vistas ao desenvolvimento sustentável - Plano ABC+ Bahia 2020-2030; que têm dentre os seus objetivos, a redução da taxa de crescimento das emissões de gases de efeito estufa, bem como a mitigação dos efeitos das mudanças do clima."
"1708","Políticas públicas","2025-09-01","Estado","Bahia","P1","B","Estágio inicial","0.333","O Estado da Bahia possui Política sobre a Mudança do Clima, formalizada por meio da Lei 12.050/2011, aprovada e em vigor. Como diretriz desta Política, há previsão do  aperfeiçoamento e da observação sistemática do monitoramento do clima e suas manifestações no território estadual.  Além disso, é instrumento da Política Estadual sobre Mudança do Clima: os dados do monitoramento climático nacional, estadual e municipal. Portanto, há previsão formal de mecanismos para monitoramento da Política.  Por outro lado, o Estado ainda não elaborou o Plano de Ação Climática, bem como o Plano Estadual de Enfrentamento às Mudanças Climáticas. Ainda, conforme retorno do INEMA, nota técnica em anexo,  foram desenvolvidas ações estratégicas a fim de aprimorar o monitoramento e auxilio no combate aos impactos da seca no Estado da Bahia."
"1730","Políticas públicas","2025-09-01","Estado","Bahia","P1","C","Sem progresso","0","Na Bahia, o Plano Estadual de Mudanças do Clima ainda não foi elaborado, o que prejudica a consecução dos objetivos da Política, uma vez que não foram definidas estratégias e metas, baseadas no diagnóstico real das ações de mitigação. Além disso, não existem sistema, relatório, site, plataformas específicas, em linguagem simples, que apresentem dados sobre a implementação da estratégia de mitigação, de modo contínuo, em formatos padronizados abertos, com dados atualizados e disponíveis, ou seja, não há transparência ativa."
"1746","Políticas públicas","2025-09-01","Estado","Bahia","P2","A","Estágio inicial","0.333","A Bahia possui Política sobre a Mudança do Clima, que tem, dentre os seus objetivos, a definição e implementação de medidas para promover a adaptação à mudança do clima em todos os Territórios de Identidade, setores econômicos e sociais, especialmente aqueles mais vulneráveis aos seus efeitos adversos; formalizada por meio da Lei 12.050/2011, aprovada e em Vigor. Nesta Lei, constam as diretrizes da Política Estadual sobre Mudança do Clima, dentre elas, a adoção de medidas de adaptação para reduzir os efeitos adversos da mudança do clima nos sistemas ambiental, social e econômico, priorizando os mais vulneráveis. Porém, o Plano Estadual sobre Mudança do Clima ainda não foi elaborado."
"1747","Políticas públicas","2025-09-01","Estado","Bahia","P2","B","Estágio inicial","0.333","O Estado da Bahia possui Política sobre a Mudança do Clima, formalizada por meio da Lei 12.050/2011, aprovada e em vigor. Como diretriz desta Política, há previsão do  aperfeiçoamento e da observação sistemática do monitoramento do clima e suas manifestações no território estadual.  Além disso, é instrumento da Política Estadual sobre Mudança do Clima: os dados do monitoramento climático nacional, estadual e municipal. Portanto, há previsão formal de mecanismos para monitoramento da Política.  Por outro lado, o Estado ainda não elaborou o Plano de Ação Climática, bem como o Plano Estadual de Enfrentamento às Mudanças Climáticas. Porém, há iniciativas promovidas pela SEMA/INEMA, visando o monitoramento de eventos climáticos extremos, a exemplo do Programa Monitor de Secas, do qual o Instituto do Meio Ambiente e Recursos Hídricos do Estado da Bahia (INEMA) faz parte, com o objetivo de atuar como um mecanismo de integração da informação de nível federal, estadual e municipal nas áreas de meteorologia, recursos hídricos e agricultura, fortalecendo os mecanismos de monitoramento, previsão e alerta precoce de secas e estiagem. Com isso, há identificação das regiões mais afetadas pela seca, constituindo o Mapa do Monitor de Secas. Para tanto, o Estado tem atuado na manutenção emergencial de estações de monitoramento; participado da sala de crise da ANA, elaborado e divulgado, diariamente, Boletins sobre Chuvas."
"1740","Políticas públicas","2025-09-01","Estado","Bahia","P2","C","Sem progresso","0","Na Bahia, o Plano Estadual de Mudanças do Clima ainda não foi elaborado, o que prejudica a consecução dos objetivos da Política, uma vez que não foram definidas estratégias, metas, baseadas no diagnóstico real das ações de adaptação. Além disso, não existem sistema, relatório, site, plataformas específicas, em linguagem simples, que apresentem dados sobre a implementação da estratégia de adaptação, de modo contínuo, em formatos padronizados abertos, com dados atualizados e disponíveis, ou seja, não há transparência ativa."
"5653","Políticas públicas","2025-09-01","Estado","Bahia","P3","A","Estágio inicial","0.333","No Estado da Bahia, o planejamento e gestão territorial são parte integrante da Política Estadual de Desenvolvimento Urbano, ainda não formulada (fase de minuta de Lei, a ser apreciada pelo CONCIDADES e posteriormente pela Assembleia Legislativa). Na minuta do projeto, consta, como macrodiretriz orientadora do desenvolvimento urbano do Estado da Bahia, monitorar e controlar ocupações em áreas de vulnerabilidade a eventos climáticos ou riscos geológicos: Desenvolver mecanismos de controle e prevenção para áreas sujeitas a impactos graves de eventos climáticos extremos e riscos geológicos. Porém, não leva em consideração a redução de emissões de GEE. A ausência da formulação da política compromete as ações de monitoramento e avaliação. Ainda, a versão atual do Zoneamento Ecológico-Econômico (ZEE-BA) não contempla a necessidade de redução de  emissões de GEE."
"5622","Políticas públicas","2025-09-01","Estado","Bahia","P3","B","Estágio intermediário","0.666","Conforme Lei Estadual 14.812/2024, ainda sem regulamentação, que institui a Política de Mobilidade Inter-regional e Intraregional do Estado da Bahia, em seu Art. 9º, é diretriz específica para o eixo de Transporte Público Coletivo a priorização da adoção de modos de TPC com uma matriz energética de menor potencial poluente. Porém, a implementação desta Política está em fase inicial. O Estado, por meio da  Superintendência de Mobilidade (SUMOB), vinculada à SEDUR, tem implementado ações visando a descarbonização do sistema de transporte coletivo da Região Metropolitana de Salvador, a exemplo da implantação do Sistema Metroviário Salvador Lauro de Freitas (SMSL) e implantação do VLT (fase inicial); aquisição de ônibus elétricos; autorização para a Concessionária realizar migração da aquisição energética do SMSL do mercado convencional de energia para o mercado livre; migração da matriz energética do SMSL para uma matriz de fontes sustentáveis; estudos para implementação do Fundo de Mobilidade da Região Metropolitana de Salvador; estruturação do Programa de Capacitação para Uso de Bicicleta para mulheres. Porém, há necessidade de implementação de mecanismos de monitoramento das ações/iniciativas de mitigação de GEE. Dessa forma, o fato da Política de Mobilidade ter sido formulada recentemente, e dos instrumentos ainda não terem sido elaborados, compromete o monitoramento e avaliação das ações que devem ser adotadas, com foco na redução de emissão de GEE."
"5645","Políticas públicas","2025-09-01","Estado","Bahia","P3","C","Estágio intermediário","0.666","A Lei Estadual nº 12.932/2014, pendente de regulamentação, instituiu a Política Estadual de Resíduos Sólidos. O Estado, por meio da SEDUR, implementou o Programa Recicle Já Bahia,  que promove a coleta seletiva em órgãos públicos; criou Comitês Gestor e Executivo para inclusão socioeconômica de catadores de materiais; construiu/reformou galpões para cooperativas de catadores; apoiou empreendimentos econômicos e solidários; implementou Logística Reversa de Embalagens Plásticas Usadas de Óleos Lubrificantes; elaborou Projeto de Recuperação de Área Degradada/Alterada de vazadouros a céu aberto. Ainda, o Plano Estadual de Resíduos Sólidos contem requisitos mínimos de diagnóstico, proposição de cenários, metas de redução, reciclagem, aproveitamento energético dos gases, erradicação de lixões, diretrizes para coleta seletiva e disposição final de rejeitos, programas e meios de controle e fiscalização. Nesse Plano, há previsão da implantação de tecnologias para recuperação energética dos gases gerados em 18 aterros sanitários. Mas, em razão da vigência recente, conclusão em outubro de 2024, as ações previstas ainda não foram implementadas. Conforme SINISA 2024, a Bahia registra destinação final inadequada dos resíduos, com apenas 4,56% dos municípios com aterro sanitário. Além disso, a não implantação do Sistema Estadual de Informações sobre a Gestão dos Resíduos Sólidos prejudica o controle e avaliação das informações da Política Estadual de Resíduos Sólidos."
"7116","Políticas públicas","2025-09-01","Estado","Bahia","P3","D","Estágio intermediário","0.666","A Lei 14.889/2025 institui a Política de Transição Energética do Estado e o Programa Estadual de Transição Energética. Dentre os objetivos previstos (Art. 3º), está o enfrentamento dos efeitos adversos da mudança do clima, através da redução das emissões de GEE, observadas as diretrizes internacionais estabelecidas pela Convenção-Quadro das Nações Unidas sobre Mudança do Clima e compromissos assumidos pelo Estado. Por sua vez, o Plano Estadual de Transição Energética, em processo  de elaboração do Termo de Referência, estabelecerá metas, que estão condicionadas aos resultados do diagnóstico que será realizado. Com relação ao PROTENER, foi instituído Comitê de Acompanhamento do Plano Estadual de Transição Energética, de caráter deliberativo, formado pela SEMA, SDE, SECTI, SEAGRI, SEINFRA, SDR, FAPESB, INEMA. Os Polos de Transição Energética, instrumentos das Políticas, ainda não foram implementados. É exemplo de mecanismos legal, financeiro e econômico, referentes à transição energética, incentivo tributário previsto no art. 4o, inciso XIII, da Lei Estadual 6.348/1991, destinado a fomentar práticas sustentáveis a partir da isenção do pagamento do IPVA para veículos 100% elétricos com valor de mercado de até R$300.000,00. Isto representa estímulo à redução da emissão de GEE. Destaca-se que 98,51% da energia elétrica gerada na Bahia é proveniente de fontes renováveis. O Estado possui programas de eficiência energética a exemplo do Programa Escolas Sustentáveis."
"4743","Políticas públicas","2025-09-01","Estado","Bahia","P4","A","Estágio intermediário","0.666","A Política Estadual de Recursos Hídricos foi definida pela Lei no 11.612/2009. Há previsão do Plano Estadual de Recursos Hídricos, como instrumento da Política, o qual foi instituído em 2005 (Resolução CONERH nº 01/2005), com horizonte de implementação 2004-2020, com vigência prorrogada até 2023. Porém, ainda não houve atualização. Verificou-se que as ações propostas e a gestão dos recursos hídricos não abordam a adaptação climática e não preveem ações para reduzir os riscos associados aos impactos das mudanças climáticas. No entanto, nos Planos de Bacia estaduais aprovados, há diagnóstico/prognóstico com projeção de cenários, objetivos e metas relacionados aos impactos das mudanças climáticas. O Fórum Baiano de Comitês de Bacias Hidrográficas é a instância colegiada formada pelos Comitês de Bacias legalmente instituídos no âmbito do Sistema Estadual de Recursos Hídricos. Na Bahia existem 14 Comitês de domínio estadual. Relativo aos sistemas de monitoramento, no Estado há Unidades de monitoramento remoto UMR, que avalia a qualidade da água para diversos parâmetros, tais como: temperatura, pH, turbidez, oxigênio; entre outras plataformas de Coleta de Dados (PCD's) meteorológicos. Ainda, há uma Sala de Situação do INEMA que emite aviso de Alerta Hidrológico."
"4712","Políticas públicas","2025-09-01","Estado","Bahia","P4","B","Estágio intermediário","0.666","A Secretaria da Saúde do Estado da Bahia (SESAB), por meio da Superintendência de Vigilância e Proteção da Saúde (SUVISA), desenvolve ações voltadas à mitigação e adaptação aos efeitos das mudanças climáticas globais, a exemplo do acompanhamento de dados técnicos e científicos sobre mudanças climáticas fornecidos por instituições como o INPE, que subsidiam análises de risco situacional e a formulação de estratégias no campo da Vigilância em Saúde; promove articulações intra e intersetoriais com a Defesa Civil e a Secretaria Estadual do Meio Ambiente e Infraestrutura SEMA/INEMA, visando integração de informações para a tomada de decisões; faz uso de sistemas de informação em saúde (SINAN, SIH, SIM, VIGIÁGUA, SISSOLO, VIGIA) para o monitoramento de agravos e doenças relacionados ao meio ambiente. Ainda, a SUVISA, junto aos 09 Núcleos Regionais de Saúde, atuou na elaboração e atualização dos Plano de Queimadas e do Plano Multirrisco, bem como participa do Grupo de Trabalho ""Bahia Sem Fogo"". Está em elaboração o Plano Setorial da Saúde para Mitigação e Adaptação às Mudanças Climáticas do Estado. A Bahia foi incorporada como a primeira, entre as unidades federadas do Brasil, a integrar o State Party Self-Assessment Annual Reporting (SPAR), plataforma da Organização Mundial da Saúde (OMS) que permite avaliar e reportar as capacidades de detectar, notificar e responder a emergências de saúde pública."
"7171","Políticas públicas","2025-09-01","Estado","Bahia","P4","C","Estágio inicial","0.333","O Plano ABC+ Bahia 2020-2030: Plano estadual para adaptação à mudança do clima e baixa emissão de carbono na agropecuária com vistas ao desenvolvimento sustentável/SEAGRI, tem foco na consolidação de uma agropecuária estadual alicerçada sobre sistemas sustentáveis, resilientes e produtivos, capazes de reduzir as emissões de gases de efeito estufa (GEE). Dentre os seus objetivos, estão viabilizar as reparações ambientais pelos danos causados pela emissão de GEE e fomentar a utilização de fontes de energia renováveis com baixa emissão de GEE. No PPA 2024-2027 há previsões voltadas para promoção de ações de mitigação dos efeitos das mudanças climáticas na produção agrícola: Iniciativa: Implementar o plano Agricultura de Baixo Carbono - ABC+Bahia - SEAGRI; Programa - Cultive Conhecimento: Assistência Técnica e Extensão Rural para o Sucesso no campo (da SEAGRI e SDR). Assim, o Planejamento e a gestão do Setor Agropecuário e Segurança Alimentar abordam a adaptação climática, prevendo ações para redução dos riscos associados aos impactos das mudanças climáticas, mas não há evidências quanto ao monitoramento das projeções de cenários climáticos."
"7401","Políticas públicas","2025-09-01","Estado","Bahia","P4","D","Estágio intermediário","0.666","A Lei 14.889/2025 instituiu a Política de Transição Energética do Estado, com objetivo de enfrentar os efeitos adversos da mudança do clima. A Lei 14.573/2023 criou o Programa Est. de Incentivo ao Uso da Energia Sustentável no Estado, visando compartilhar e difundir conhecimentos teóricos e práticos sobre Energia Sustentável, conscientizar a população baiana da importância do consumo consciente; estabelecer políticas públicas e adoções de medidas para implementação de ações voltadas a dotar os prédios públicos estaduais com meios de utilização de energia limpa. O Estado regulamentou a questão pertinente à eficiência energética no âmbito das suas unidades, por meio do Decreto 7.657/1999, que dispõe sobre o uso eficiente de energia elétrica, no âmbito da Administração Direta/Indireta. Na Bahia, 98,51% da energia elétrica gerada é proveniente de fontes renováveis. Ainda, o Programa Bahia Energia (PPA 2024-2027) que objetiva aumentar a geração e oferta de energia no estado, especialmente proveniente de fontes renováveis; expandir o acesso à energia elétrica em todo o meio rural; e ampliar a oferta de gás natural para os diversos municípios. Dentre os compromissos, está articular, junto aos agentes do setor elétrico, a implementação de novas linhas de transmissão e subestações. Segundo relatório de avaliação, o indicador de desempenho desse programa, para 2024, foi 41,71%. Não há evidências de sistema de monitoramento das projeções de cenários climáticos futuros em operação."
"7523","Políticas públicas","2025-09-01","Estado","Bahia","P5","A","Estágio inicial","0.333","A Política Estadual de Proteção e Defesa Civil foi instituída por meio da Lei Nº 14.882/2025; tem como objetivo promover ações de prevenção, de mitigação, de preparação, de resposta e recuperação, voltadas à proteção e defesa civil. Neste normativo, há previsão da integração da PEPDEC com outras políticas, a exemplo de ordenamento territorial, meio ambiente e mudanças climáticas. O Plano Estadual de Proteção e Defesa Civil - PLEPDEC deverá conter, no mínimo, a identificação das bacias hidrográficas do Estado com risco de ocorrência de desastres; as diretrizes de ação governamental de proteção e defesa civil no âmbito estadual, em especial no que se refere à implantação da rede de monitoramento meteorológico, hidrológico e geológico das bacias com risco de desastre e mecanismos de monitoramento dos eventos adversos mais recorrentes no Estado. É competência da Superintendência de Proteção e Defesa Civil - SUDEC implementar o PLEPDEC. Porém, o Plano ainda não foi instituído, apesar de haver previsão desde 2013, conforme  Lei nº 12.921/2013. O Fundo Permanente para a Defesa Civil (FUNPDEC) foi criado por meio da Lei Complementar Nº 58/2024. Ainda, houve nomeação recente dos membros para compor o Conselho Estadual de Proteção e Defesa Civil - CEPDEC (10/07/25). Há, ainda, o Plano Estadual de Convivência com o Semiárido 2020-2029, que aborda a análise situacional e Integrada; cenários futuros para o Semiárido e matriz Programática, com vistas ao alcance dos macro-objetivos."
"7524","Políticas públicas","2025-09-01","Estado","Bahia","P5","B","Estágio inicial","0.333","Como a instituição da Política Estadual de Proteção e Defesa Civil data de março de 2025 e considerando que o Plano Estadual de Proteção e Defesa Civil - PLEPDEC ainda não foi instituído na Bahia, não e possível conhecer, nem tampouco monitorar e avaliar, as ações previstas no Plano voltadas para prevenção, mitigação, preparação e resposta, frente aos desafios climáticos. Porém, verificou-se a execução de ações isoladas, tais como o monitoramento, por parte do Instituto de Meio Ambiente e Recursos Hídricos da Bahia (INEMA), de  eventos climáticos extremos (seca e chuvas), através de estações de monitoramento, que permite conhecer e atuar em cenários de Alerta e Atenção."
"7584","Financiamento","2025-09-19","Município","Salvador","F1","A","Estágio avançado","1","Salvador demonstra um estágio avançado no alinhamento de suas leis orçamentárias com os planos e estratégias climáticas. 
A análise revelou que o Plano Plurianual (PPA) 2022-2025 integra de forma clara o enfrentamento das mudanças climáticas como uma diretriz estratégica, por meio do programa ""CIDADE INOVADORA, SUSTENTÁVEL E RESILIENTE"". 
As Leis Orçamentárias Anuais (LOAs) de 2024 e 2025 evidenciam a alocação de recursos próprios (do Tesouro Municipal, código 1.500.1) para ações e iniciativas de mitigação e adaptação. Exemplos incluem os investimentos em ""Geomanta Protegendo Encostas"" pela CODESAL e projetos de educação ambiental pela SECIS, bem como os incentivos fiscais do IPTU Verde e IPTU Amarelo. 
Essa alocação orçamentária está consistentemente alinhada com as políticas e estratégias detalhadas no Plano Municipal de Adaptação e Mitigação às Mudanças Climáticas (PMAMC), com os órgãos responsáveis recebendo os recursos para a execução das ações planejadas."
"7585","Financiamento","2025-09-19","Município","Salvador","F1","B","Estágio inicial","0.333","A Prefeitura Municipal de Salvador demonstrou um comprometimento notável com a agenda climática através de um robusto planejamento (PMAMC e PPA) que identifica ações, objetivos e indicadores de mitigação e adaptação. 
Essa fase de planejamento é um ponto forte crucial, indicando uma visão clara e intencionalidade em suas ações climáticas. Contudo, a análise dos documentos orçamentários revelou fragilidades significativas na transposição dessa intencionalidade para o sistema de gestão financeira do orçamento. 
Atualmente, o orçamento público não possui um sistema de classificação ou ""marcação"" que permita rastrear de forma explícita e sistemática os gastos diretos, indiretos ou aqueles com impactos negativos nas mudanças climáticas. Isso limita a capacidade de avaliar a alocação de recursos financeiros de forma abrangente para a agenda climática e aprimorar a responsabilidade fiscal em relação a esses compromissos."
"7564","Financiamento","2025-09-19","Município","Salvador","F1","C","Estágio inicial","0.333","A Prefeitura Municipal de Salvador evidencia o reconhecimento da importância de integrar critérios de sustentabilidade, mitigação de GEE e adaptação climática em suas contratações públicas. Esse compromisso está expresso no Plano Municipal de Mitigação e Adaptação às Mudanças do Clima (PMAMC), que prevê ações específicas, como a Ação 35.1 (""criar critérios de circularidade para produtos e serviços nas compras públicas"") e a Ação 51 (""incluir critérios de eficiência energética nas aquisições públicas"") [01, p. 138, 145]. Atualmente, ambas encontram-se na fase de ""Proposição"", com horizonte de implementação de médio prazo (até 2032), o que demonstra que os mecanismos necessários à sua aplicação sistemática ainda estão em desenvolvimento e não se encontram plenamente operacionais.
No que se refere à capacidade técnica, embora o PMAMC registre um compromisso mais amplo com a capacitação dos servidores [02, p. 234, 235], não foram identificadas iniciativas voltadas especificamente à formação ou ao preparo das equipes de licitação para lidar com esses novos critérios. A ausência de mecanismos consolidados e de capacitação direcionada limita, no momento, a capacidade do município de implementar de forma efetiva uma política de compras públicas sustentáveis e alinhadas às metas climáticas.
Diante da existência de proposições formais, mas ainda não implementadas, e da carência de capacidade técnica específica, a situação pode ser classificada como ""Estágio Inicial""."
"7565","Financiamento","2025-09-19","Município","Salvador","F1","D","Estágio inicial","0.333","A Prefeitura Municipal de Salvador demonstra compromisso com a transparência em suas políticas e planos, incluindo a agenda climática. O PMAMC [01, p. 151, 154, 155, 168] explicita a intenção de disponibilizar informações em linguagem simples e acessível ao público. Além disso, existem mecanismos gerais de transparência orçamentária, por meio de plataformas eletrônicas e do Portal da Transparência, que abrangem de forma ampla as despesas públicas [02, p. 256; 03, p. 256, 268, 269].
Entretanto, a análise evidencia que a transparência específica sobre orçamento e gastos relacionados a ações climáticas ainda não está consolidada como categoria contínua e independente, em formato de dados abertos e passível de fácil consulta, além da disponibilização em documentos PDF. As ""fichas de ações"" do PMAMC apresentam informações sobre o status de financiamento das iniciativas climáticas, mas não detalham valores orçamentários [01, p. 113, 114]. Da mesma forma, não foram encontradas evidências de divulgação estruturada sobre contratações emergenciais vinculadas a desastres climáticos, em conformidade com atributos de dados abertos e linguagem simples.
Diante da existência de esforços iniciais e de um arcabouço geral de transparência fiscal, mas da ausência de mecanismos específicos e abrangentes para o orçamento climático e para contratações emergenciais climáticas, o cenário é classificado como ""Estágio Inicial""."
"7567","Financiamento","2025-09-19","Município","Salvador","F2","A","Estágio avançado","1","A Prefeitura Municipal de Salvador demonstra um sólido e abrangente nível de adesão a programas e políticas climáticas, tanto nacionais quanto estaduais. O Plano de Mitigação e Adaptação às Mudanças do Clima de Salvador (PMAMC) é um documento estratégico que não apenas mapeia oportunidades de financiamento e alinha suas ações com estruturas maiores (como os ODS e Planos de Ação Climática de outras cidades), mas também detalha o status de financiamento para suas ações prioritárias.
A capacidade técnica para elaborar e executar esses programas é evidenciada pela intensa participação intersetorial da administração municipal, o uso de metodologias internacionais (GPC, IPCC) e o compromisso explícito com a capacitação de servidores e a melhoria contínua de dados.
Por fim, a cidade está ativamente implementando uma série de ações que são parte integrante de sua estratégia climática e que se alinham com programas e políticas mais amplas, como investimentos em saneamento, resíduos, eficiência energética e resiliência urbana, com dotações orçamentárias explícitas nos documentos fiscais (PPA, LDO, LOA). Os pontos fortes incluem a existência de um plano climático detalhado, a integração de objetivos climáticos no planejamento orçamentário e a dedicação ao fortalecimento da capacidade institucional."
"7568","Financiamento","2025-09-19","Município","Salvador","F2","B","Estágio intermediário","0.666","O município de Salvador demonstra um considerável nível de maturidade e eficácia no que tange ao acesso a outras fontes de financiamento para seus projetos, particularmente em relação às ações climáticas. Há um planejamento estratégico para a captação de recursos externos, evidenciado pela busca ativa por convênios e operações de crédito, bem como pela identificação de parcerias internacionais e locais. A capacidade técnica para elaboração de projetos competitivos é robusta, sustentada por uma gestão pública que valoriza a capacitação de seus servidores, a modernização de processos e a colaboração com especialistas e a comunidade científica. Mais importante ainda, o município comprova a efetiva captação desses recursos, com bilhões de reais provenientes de operações de crédito e convênios já incorporados ao seu orçamento, financiando uma gama de investimentos e projetos. A abordagem integrada entre o planejamento climático (PMAMC) e o planejamento fiscal (PPA e LDO) assegura que as oportunidades de financiamento sejam sistematicamente mapeadas, os projetos sejam tecnicamente viáveis e os recursos sejam efetivamente captados para alcançar os objetivos de mitigação e adaptação."
"7590","Financiamento","2025-09-19","Município","Salvador","F2","C","Estágio intermediário","0.666","A Prefeitura Municipal de Salvador demonstra um compromisso com o monitoramento e a transparência de suas ações climáticas e de gestão fiscal. O município possui mecanismos e planos para realizar o monitoramento regular das ações (Critério 1 - Atendido), incluindo balanços periódicos de indicadores e atualizações de inventários de GEE. Há também sistemas e ferramentas específicas, como o Sistema Sigef e plataformas digitais planejadas (Salvador Dados, Observatório Salvador), para gerenciar e disponibilizar dados para auditoria e acesso público (Critério 2 - Atendido).
As principais fragilidades residem na plena acessibilidade e compreensibilidade das informações para a população em geral (Critério 3 - Parcialmente Atendido). Embora haja o objetivo de ""linguagem simplificada e acessível"" e a publicação de informações para ""amplo acesso e uso pela sociedade"", o próprio PMAMC reconhece a complexidade inerente ao tema das mudanças climáticas e o desafio de torná-la de fácil absorção por todos os cidadãos."
"7591","Financiamento","2025-09-19","Município","Salvador","F3","A","Estágio intermediário","0.666","A Prefeitura Municipal de Salvador demonstra um compromisso claro com o monitoramento e a transparência de suas ações climáticas e de gestão fiscal. O município possui mecanismos e planos para realizar o monitoramento regular das ações (Critério 1 - Atendido), incluindo balanços periódicos de indicadores e atualizações de inventários de GEE. Há também sistemas e ferramentas específicas, como o Sistema Sigef e plataformas digitais planejadas (Salvador Dados, Observatório Salvador), para gerenciar e disponibilizar dados para auditoria e acesso público (Critério 2 - Atendido).
As principais fragilidades residem na plena acessibilidade e compreensibilidade das informações para a população em geral (Critério 3 - Parcialmente Atendido). Embora haja o objetivo de ""linguagem simplificada e acessível"" e a publicação de informações para ""amplo acesso e uso pela sociedade"", o próprio PMAMC reconhece a complexidade inerente ao tema das mudanças climáticas e o desafio de torná-la de fácil absorção por todos os cidadãos."
"7592","Financiamento","2025-09-19","Município","Salvador","F3","B","Estágio inicial","0.333","A Prefeitura Municipal de Salvador demonstra um compromisso louvável com a transparência e o monitoramento de suas ações climáticas e da gestão fiscal em geral. Existem planos e documentos que evidenciam a intenção de manter a sociedade informada e de promover a acessibilidade à informação. Além disso, a administração municipal tem implementado políticas e programas para incentivar a participação da iniciativa privada em ações de mitigação e adaptação às mudanças climáticas, como a certificação ""IPTU Verde"" e a criação de um ""Selo de apoio ao PMAMC"".
Entretanto, uma análise focada estritamente na mobilização de recursos financeiros privados para o financiamento climático revela fragilidades. Não há, nos documentos apresentados, evidências de que a Prefeitura possua ou esteja em processo de desenvolvimento de um sistema específico para monitorar de forma contínua e regular o valor ou a natureza dos recursos financeiros privados que são efetivamente mobilizados para o financiamento climático. Consequentemente, a ausência desse monitoramento específico impede a existência de mecanismos de transparência ativa (como relatórios ou plataformas dedicadas) e a disponibilização de dados desagregados e de fácil acesso para consulta e auditoria sobre esse fluxo financeiro particular. As métricas existentes avaliam a adesão a programas públicos de incentivo, mas não a captação direta de capital privado para fins climáticos."
"4042","Financiamento","2025-08-28","Estado","Minas Gerais","F1","A","Estágio intermediário","0.666","Minas Gerais apresenta ações relevantes do Executivo estadual na tentativa de integrar a agenda climática às finanças públicas. O Plano Estadual de Ação Climática (PLAC-MG) prevê, por exemplo, a promoção da disponibilidade de recursos financeiros para sua implementação (Ação 1, Tabela 33), além de destacar a importância da criação de uma Lei Estadual de Mudança do Clima que assegure o alinhamento entre o PLAC, a LOA e o PPAG. Contudo, embora não exista um desalinhamento das ações constantes nas leis orçamentárias com o PLAC-MG, conforme verificado no próprio PPAG 2024-2027, apenas três ações orçamentárias (4046, 1579, 4408) mencionam o PLAC-MG, sendo que, na LOA, foi identificada execução apenas da Ação 4046 - ""Mudanças Climáticas e Qualidade Ambiental"". Essa fragilidade na conexão concreta entre o planejamento climático e a execução orçamentária indica que a integração entre  o PLAC/MG e leis orçamentárias ainda está em desenvolvimento. Nesse contexto, considerando que há possibilidades de melhorias na integração entre o PLAC e as ações constantes nas leis orçamentárias, o estado atendeu aos critérios exigidos pelo Manual do Painel ClimaBrasil para a classificação no estágio intermediário."
"4043","Financiamento","2025-08-28","Estado","Minas Gerais","F1","B","Estágio inicial","0.333","A classificação deste item como ""estágio inicial"" está em conformidade com os critérios metodológicos definidos no Manual de Aplicação do Painel ClimaBrasil. Este item avalia a existência de mecanismos formais para rastrear, classificar e monitorar as despesas públicas com impactos climáticos positivos e negativos. Para avançar na escala de maturidade, seria necessário que o Estado adotasse uma taxonomia climática ou sistema de marcação orçamentária, com códigos ou indicadores específicos aplicados às peças orçamentárias (LOA, LDO, PPA), permitindo a identificação de gastos voltados à mitigação, adaptação ou transição justa. No entanto, conforme reconhecido na própria resposta do Estado, ainda há baixa integração entre o orçamento público e o PLAC-MG. Tampouco foram apresentados dados sobre gastos públicos com efeitos adversos ao clima, como subsídios prejudiciais ou investimentos incompatíveis com metas climáticas. Diante disso, observa-se que, embora o Estado reconheça a importância do tema e tenha metas definidas no PLAC/MG, ainda possui uma estruturação técnica e normativa insuficiente para operacionalizar o rastreamento de despesas climáticas. É possível identificar no PPAG e na LOA, os programas identificados por Objetivo de Desenvolvimento Sustentável (ODS), dentre eles, o ODS 13 - Ação contra a Mudança Global do Clima; e verificou-se duas ações no PPAG que mencionam o PLAC/MG. Nesse contexto, a classificação como ""inicial"" é tecnicamente adequada."
"4044","Financiamento","2025-08-28","Estado","Minas Gerais","F1","C","Estágio avançado","1","Minas Gerais apresenta mecanismos consistentes que comprovam a adoção de critérios de sustentabilidade, redução de emissões de gases de efeito estufa (GEE) e adaptação às mudanças climáticas nas compras e contratações públicas, atendendo aos atributos deste item. O Decreto n. 48.938/2024 estabelece normas claras para que todos os órgãos e entidades da Administração Pública estadual incorporem critérios de desenvolvimento sustentável em seus processos licitatórios. Essa diretriz é operacionalizada por manuais de compras sustentáveis, que oferecem modelos de cláusulas e orientações técnicas para garantir contratações alinhadas à agenda climática. Além disso, esse decreto inclui critérios específicos relacionados à mitigação de GEE e adaptação, como a priorização de soluções com menor impacto ambiental e maior resiliência climática, atendendo diretamente ao segundo atributo. O Estado também promove oficinas e debates regionais sobre o tema, conforme evidenciam as notícias de planejamento e eventos formativos realizados em 2024, demonstrando esforço contínuo na capacitação de servidores para aplicação efetiva desses critérios. Complementarmente, o Relatório de Sustentabilidade do BDMG reforça o compromisso institucional com contratações sustentáveis e financiamentos ligados a essa temática. Diante disso, Minas Gerais foi classificado no estágio avançado."
"4023","Financiamento","2025-08-28","Estado","Minas Gerais","F1","D","Estágio intermediário","0.666","O Estado de Minas Gerais disponibiliza dados de receitas e despesas públicas por meio de plataformas, como o Portal da Transparência (que integra dados do SIAFI/MG) e Portal da Transparência do Meio Ambiente. O Portal da Transparência possibilita a consulta pública à execução orçamentária e permite a exportação em formatos abertos (CSV). É possível consultar, detalhadamente, as despesas executadas em cada programa e ação do PPAG e da LOA (inclusive aquelas relacionadas a mudanças climáticas), atendendo parcialmente aos critérios do Painel ClimaBrasil.  Também há o Portal de Transparência do Meio Ambiente, que possui diversas informações relacionadas à temática, mas sem contemplar o aspecto orçamentário. No, no Portal da Transparência,  não há um agrupamento temático ou painel que destaque os gastos públicos voltados especificamente às políticas climáticas. Tampouco foi identificada categorização clara sobre contratações emergenciais associadas a desastres climáticos. Dessa forma, a transparência ativa é parcial e não garante que o cidadão comum compreenda, acesse e monitore efetivamente os recursos destinados à agenda climática. Com base nesses elementos, classifica-se o item em estágio intermediário."
"4022","Financiamento","2025-08-28","Estado","Minas Gerais","F2","A","Estágio avançado","1","A classificação como avançado nesse item está alinhada aos requisitos do Manual de Aplicação do Painel ClimaBrasil. O Plano de Ação Climática de Minas Gerais (PLAC/MG) faz um diagnóstico para ação climática no Estado e buscou alinhar algumas de suas ações e estratégias a alguns desses instrumentos, especialmente com Plano Nacional sobre Mudança de Clima e  o Plano ABC+. Para mais, Minas aderiu ao Consórcio Brasil Verde (por meio da Lei n. 24.483/2023), ao Programa Progestão (regulamentado pela Res. ANA n. 379/2013), bem como ao programa  AdaptaCidades (criado pela Portaria do Ministério do Meio Ambiente n. 1.256/2024) e ao Cosud (O Consórcio de Integração Sul e Sudeste). No que diz respeito a implementação desses programas, evidências colacionadas  demonstram  que os programas estão sendo implementados pelo Estado."
"4024","Financiamento","2025-08-28","Estado","Minas Gerais","F2","B","Estágio avançado","1","Minas Gerais atende aos critérios do Manual para o nível 'avançado' no item F2-B, ao demonstrar capacidade institucional e técnica consolidada para acessar financiamento climático. O Estado firmou Memorando de Entendimento com o Reino Unido (2025) com foco em financiamento verde, descarbonização e apoio ao Selo Verde MG e ao CAR 2.0. O projeto ""Mobilising green investments for Minas Gerais"" é executado em parceria com o UK PACT, envolvendo SEMAD-MG e BDMG, com objetivo direto de fortalecer a elegibilidade do Estado junto a bancos multilaterais e fundos climáticos. A cooperação internacional também inclui apoio da França ao projeto ClimAtiva, voltado à estruturação de planos municipais de ação climática. As diversas fontes de financiamento acessadas pelo Estado, demonstram que ele possui corpo técnico capaz de elaborar projetos competitivos.  O BDMG atua como principal agente financeiro estadual com linhas verdes e parcerias multilaterais, conforme relatórios públicos. Minas Gerais integra ainda a CDP Latin America e outras plataformas que ampliam sua visibilidade e capacidade de elegibilidade. Com base nessas evidências, a classificação como 'avançado' é metodologicamente justificada."
"4025","Financiamento","2025-08-28","Estado","Minas Gerais","F2","C","Estágio intermediário","0.666","A classificação do item F2-C como 'estágio intermediário' é apropriada conforme os critérios do Manual de Aplicação, que requerem mecanismos públicos estruturados de rastreamento de recursos climáticos  nacionais e internacionais. O Estado de Minas Gerais possui ferramentas importantes em desenvolvimento. A plataforma MRV Climático foi lançada com apoio do UK PACT, mas ainda se limita à visualização de metas climáticas, sem dados financeiros integrados. O BDMG mantém relatórios de sustentabilidade e lista de projetos multilaterais, revelando cooperação internacional ativa. Contudo, esses dados não estão vinculados a um painel público e consolidado para acompanhamento dos recursos nacionais e internacionais e seu vínculo direto com metas climáticas do PLAC/MG . Assim, a classificação como estágio intermediário está metodologicamente correta."
"4142","Financiamento","2025-08-28","Estado","Minas Gerais","F3","A","Estágio avançado","1","Minas Gerais preenche os critérios para classificação ""avançado"" no item F3-A ao demonstrar um ecossistema robusto de mobilização de investimentos privados climáticos. O BDMG atua de forma estratégica com o Crédito Verde, novas linhas como o BDMG Verde, e financiamento com recursos do BEI (Banco Europeu de Investimento), destinados a energia limpa, eficiência energética e transporte sustentável. Além disso, o banco desempenha papel central na estruturação de parcerias público-privadas  em mais de 400 municípios, abrangendo saneamento, resíduos e iluminação pública. Também promove o desenvolvimento do produto ""BDMG Eficiência"", apoiado pela GIZ (Sociedade Alemã para a Cooperação Internacional), voltado a micro e pequenas empresas, um instrumento inovador que une crédito verde e tecnologia digital. Sua filiação à Green Bank Network e o aumento expressivo de recursos apoiados a projetos renováveis em 2023 comprovam capacidade institucional, técnica e operacional para captação e fomento privado. A soma dos instrumentos normativos, financeiros e parcerias multilaterais consolida a maturidade do Estado nessa área. A classificação ""avançada"" é, portanto, adequada."
"4162","Financiamento","2025-08-28","Estado","Minas Gerais","F3","B","Estágio intermediário","0.666","Minas Gerais deve ser classificada no estágio ""intermediário"" para o item F3-B, conforme os critérios do Manual de Aplicação. O Estado apresenta mecanismos institucionais de monitoramento contínuo das ações de mobilização de investimentos privados climáticos, especialmente via Banco de Desenvolvimento de Minas Gerais (BDMG), que divulga relatórios anuais, portfólio de projetos multilaterais e informações de transparência ativa sobre financiamento verde. Além disso, encontra-se em fase de implementação o sistema estadual MRV Climático, que integrará dados sobre financiamento recebido e necessário, em articulação com metas do PLAC-MG. Contudo, ainda não há consolidação de taxonomia climática nem plena desagregação dos dados em linguagem acessível ao público geral. As informações são fragmentadas em portais distintos, o que dificulta a navegação e o entendimento por parte de cidadãos e órgãos de controle externos. Por isso, embora os atributos 1 e parte dos itens 2 e 3 sejam atendidos, a classificação mais adequada é ""estágio intermediário""."
"1649","Governança","2025-08-28","Estado","Minas Gerais","G1","A","Estágio intermediário","0.666","A classificação em Estágio Intermediário mostra-se adequada diante do conjunto das evidências disponíveis. Minas Gerais não se encontra em situação de ausência normativa, pois possui o Decreto nº 45.229/2009, que dispõe sobre ações frente às mudanças climáticas e institui instrumentos como o Registro Público de Emissões e Remoções de GEE e o Selo Clima Minas. Trata-se, portanto, de um marco regulatório geral, ainda que editado em 2009, anterior ao Acordo de Paris, o que o torna desatualizado frente aos avanços internacionais e nacionais mais recentes. Ademais, o Plano Estadual de Ação Climática (PLAC-MG/2023) constitui importante instrumento de planejamento estratégico, com metas até 2050, mas não possui força normativa própria. O Decreto nº 48.896/2024 fortalece a governança climática ao instituir o CIMC, responsável por acompanhar a implementação do PLAC, e legislações setoriais, como a Lei nº 24.396/2023 (biogás) e a Lei nº 24.940/2024 (hidrogênio de baixo carbono), demonstram a incorporação parcial da pauta climática em políticas específicas. Apesar desses avanços, a inexistência de uma lei estadual abrangente atualizada sobre mudanças climáticas confirma a classificação intermediária de acordo com os critérios do Manual do Painel ClimaBrasil. Portanto, Minas Gerais apresenta um quadro legal formal, porém antigo e insuficiente para responder integralmente às demandas atuais da política climática."
"3761","Governança","2025-08-28","Estado","Minas Gerais","G1","B","Estágio avançado","1","O Estado de Minas Gerais possui um marco normativo climático vigente e estruturado, com destaque para o Decreto nº 45.229/2009, que estabelece princípios, diretrizes e instrumentos voltados à mitigação e adaptação às mudanças climáticas. O Decreto nº 48.896/2024 complementa essa estrutura ao instituir o Comitê Intragovernamental de Energia e Clima (CIEC), responsável por articular a agenda climática em nível transversal. Além disso, o Plano Estadual de Ação Climática de Minas Gerais (PLAC/MG) reforça a coerência com os compromissos federais e internacionais: define a meta de neutralidade climática até 2050, estrutura ações em setores-chave (energia, uso do solo, resíduos, agricultura) e utiliza metodologia de inventário de GEE compatível com o IPCC. O PLAC/MG adota horizonte temporal alinhado à NDC brasileira e à Resolução nº 3/2024 do Conselho da Federação, contemplando ações de curto, médio e longo prazo. Assim, o conjunto formado por decretos, leis setoriais e o PLAC MG demonstra compatibilidade com a PNMC, o Decreto nº 9.578/2018 e a NDC vigente, justificando a classificação no estágio Avançado, conforme o Manual de Aplicação do Painel ClimaBrasil."
"3781","Governança","2025-08-28","Estado","Minas Gerais","G1","C","Estágio intermediário","0.666","O Estado de Minas Gerais apresenta um conjunto normativo relevante voltado à integração de aspectos climáticos no planejamento estadual. O Decreto nº 48.896/2024 cria o Comitê Intragovernamental de Energia e Clima (CIEC), com competência para articular a política climática com os instrumentos de planejamento de curto, médio e longo prazo, como o PPAG, LOA e PMDI. O Decreto nº 45.229/2009 reforça a transversalidade das ações climáticas e o PLAC MG estrutura metas e eixos de atuação compatíveis com os principais setores do planejamento público (energia, agropecuária, resíduos, entre outros), alinhando-se aos compromissos da NDC brasileira. O plano também reconhece a importância de sua articulação com o PMDI e instrumentos orçamentários, sugerindo sua inclusão futura. No entanto, não há norma vigente que imponha de forma obrigatória e vinculante essa integração, o que compromete a perenidade da articulação entre clima e planejamento. A orientação ainda é predominantemente estratégica, sem força legal. Assim, embora haja previsão normativa e esforços de coordenação institucional, a ausência de dispositivos legais que determinam explicitamente essa integração nos planos setoriais e orçamentários justifica a classificação como estágio intermediário, conforme critérios do Manual de Aplicação."
"3782","Governança","2025-08-28","Estado","Minas Gerais","G2","A","Estágio avançado","1","A classificação ""Avançado"" está fundamentada nos critérios estabelecidos pelo Manual de Aplicação do Painel ClimaBrasil, que exige a existência de uma estrutura governamental formal e atuante para tratar dos aspectos relacionados às mudanças climáticas e que o tema esteja internalizado de forma transversal em diversos órgãos do ente. O Estado de Minas Gerais apresenta esses elementos de forma consolidada. A Superintendência de Qualidade Ambiental e Mudanças Climáticas (SQMC), vinculada à SEMAD, funciona como órgão técnico central com atribuições definidas de coordenação e monitoramento da agenda climática. O Comitê Intragovernamental de Energia e Mudança do Clima (CIMC), criado pelo Decreto nº 48.896/2024, apresenta uma composição intersetorial de alto nível e é presidido pelo Vice-Governador, conferindo autoridade política e institucional ao arranjo. Adicionalmente, a Câmara Técnica de Energia e Mudança do Clima do COPAM fortalece a participação social e técnica no processo decisório. As evidências fornecidas nos documentos ""Estrutura Governamental para Mudanças Climáticas em Minas Gerais"", ""Quadro de Distribuição das Responsabilidades"" e os textos dos Decretos n. 48.896/2024, 48.706/2023 e 46.953/2016 comprovam a formalização, atuação e clareza dos papéis institucionais na governança climática estadual. Portanto, a classificação avançada é justificada pela robustez, abrangência e coerência entre os dispositivos institucionais existentes e os critérios do Manual."
"3841","Governança","2025-08-28","Estado","Minas Gerais","G2","B","Estágio avançado","1","O estágio ""Avançado"" está de acordo com o Manual do Painel ClimaBrasil, que exige que as responsabilidades de liderar, coordenar, implementar e dar transparência às ações relacionadas com a emergência climática sejam atribuídas aos atores e envolvidos e não existam lacunas ou sobreposições relevantes. A Superintendência de Qualidade Ambiental e Mudanças Climáticas (SQMC), vinculada à SEMAD, cumpre esse papel ao coordenar tecnicamente o PLAC-MG, apoiar os instrumentos de monitoramento e liderar a articulação com instâncias participativas e de decisão. Sua estrutura conta com equipe especializada e atribuições definidas em atos normativos e operacionais.
Ademais, a atuação da SQMC é potencializada pelo Comitê Intragovernamental de Energia e Mudança do Clima (CIMC), instituído pelo Decreto n. 48.896/2024, que opera como instância intersetorial de governança e coordenação estratégica da política climática estadual. O CIMC é presidido pelo Vice-Governador, o que confere à estrutura técnica maior respaldo institucional e poder de articulação entre setores do governo. A combinação entre a liderança técnica da SQMC e a articulação estratégica do CIMC atende os critérios da metodologia para a classificação avançada, demonstrando uma governança robusta, integrada e institucionalizada. Não há sobreposição prejudicial entre SQMC e CIMC. Há complementaridade funcional e hierárquica, com distinção clara entre atribuições técnicas (SQMC) e estratégicas/intersetoriais (CIMC)."
"3842","Governança","2025-08-28","Estado","Minas Gerais","G2","C","Estágio avançado","1","O Manual de Aplicação do Painel ClimaBrasil ressalta que a liderança da política climática deve estar alocada em estrutura com autoridade institucional elevada, capaz de dar prioridade às questões climáticas e poder de mobilizar outros atores governamentais. Em Minas Gerais, o Comitê Intragovernamental de Energia e Mudança do Clima (CIMC), presidido pelo Vice-Governador, cumpre esse papel ao liderar, orientar e coordenar a implementação da agenda climática estadual, conforme estabelecido no Decreto nº 48.896/2024. Essa liderança de alto nível garante capacidade de mobilização intersetorial e priorização política da pauta climática. Ademais, o CIMC é composto por outras nove secretarias de estado, dentre elas, Secretarias consideradas como ""centro de governo"" como Secretaria de Estado de Governo e Casa Civil. Ressalta-se que cabe ao CIMC, dentre outras atribuições, monitorar as metas do Plano de Ação Climática (PLAC/MG).
Além disso, o apoio técnico prestado pela Superintendência de Qualidade Ambiental e Mudanças Climáticas (SQMC), unidade vinculada à SEMAD, assegura que o processo decisório esteja amparado por análises técnicas e evidências, atendendo à exigência de participação de quadros técnicos na estrutura de coordenação. A articulação entre CIMC e SQMC reforça a governança climática de Minas Gerais e atende  aos critérios metodológicos do Painel ClimaBrasil para a classificação avançada."
"3921","Governança","2025-08-28","Estado","Minas Gerais","G3","A","Estágio avançado","1","Minas Gerais atende  aos critérios do item G3-A do Painel ClimaBrasil, justificando a classificação ""Avançado"". O Estado dispõe de um sistema técnico consolidado para o mapeamento de riscos e vulnerabilidades climáticas, por meio do Índice Mineiro de Vulnerabilidade Climática (IMVC), o qual é baseado em evidências científicas e combina dados de exposição, sensibilidade e capacidade adaptativa dos municípios. O IMVC é utilizado oficialmente para subsidiar políticas públicas de adaptação e planejamento territorial resiliente, estando disponível de forma pública e interativa na plataforma IDE-SISEMA. Além disso, o IMVC está articulado ao Sistema Mineiro de Gestão de Riscos e Desastres (SIMGE), que utiliza essas informações em ações de resposta a emergências e planos de contingência. O PLAC-MG reconhece expressamente o IMVC como ferramenta estratégica para a formulação e priorização de políticas de adaptação e como base técnica do planejamento climático estadual. Assim, estão plenamente atendidos os critérios do Manual de Aplicação: mapeamento atualizado (a última atualização ocorreu em 2024), cientificamente fundamentado, institucionalizado e utilizado em instrumentos de decisão governamental."
"3922","Governança","2025-08-28","Estado","Minas Gerais","G3","B","Estágio intermediário","0.666","A classificação ""intermediário"" atribuída ao Estado de Minas Gerais no item G3-B está fundamentada no fato de que, embora haja um Plano  de Ação Climática  (PLAC-MG) com metas claras para incorporar riscos climáticos aos processos de planejamento, ainda não há evidência de que essa integração tenha se concretizado nos principais instrumentos vigentes, como o PPAG, planos setoriais ou orçamentários. O PLAC-MG, publicado em 2023, estabelece metas como a promoção da integração dos riscos em planos diretores, setoriais e territoriais, promover a inclusão do PLAC nos instrumentos de planejamento do Estado,  além do uso do IMVC como ferramenta técnica. No entanto, o relatório não apresenta exemplos concretos de aplicação prática ou revisões normativas de instrumentos estaduais que comprovem essa incorporação. Assim, mesmo reconhecendo os avanços normativos e técnicos, a ausência de comprovação de aplicação efetiva dessa integração, justifica a classificação intermediária, conforme os critérios do Manual de Aplicação do Painel ClimaBrasil."
"4021","Governança","2025-08-28","Estado","Minas Gerais","G4","A","Estágio avançado","1","O Estado de Minas Gerais criou, por meio do Decreto nº 48.896/2024, o Comitê Intragovernamental de Energia e Mudança do Clima (CIMC), presidido pelo vice-governador e composto por múltiplas secretarias e instituições públicas. O CIMC possui funções estratégicas, como a implementação do PLAC-MG e a integração das políticas climáticas entre os setores. Sua secretaria executiva é exercida pela SEMAD, garantindo continuidade administrativa e técnica. 
Além disso, a Câmara Técnica de Energia e Mudança do Clima (CEM/COPAM), instituída pelo Decreto n. 46.953/2016,  promove debates técnicos e institucionais com participação  da sociedade. Há evidências da atuação dessas estruturas que promovem a atuação coordenada entre os órgãos do Executivo. 
Portanto, os critérios para a classificação  no estágio ""Avançado"" de coordenação horizontal intragovernamental foram alcançados."
"4041","Governança","2025-08-28","Estado","Minas Gerais","G4","B","Estágio avançado","1","A classificação ""Avançado"" para o item G4-B - Coordenação horizontal intergovernamental - está  justificada à luz do Manual do Painel ClimaBrasil. Minas Gerais participa formalmente e ativamente de mecanismos permanentes de cooperação com outros entes subnacionais de mesmo nível federativo, como o Consórcio Brasil Verde, cuja adesão foi ratificada pela Lei Estadual nº 24.483/2023, configurando estrutura legal para articulação federativa voltada à agenda climática. 
O Estado também integra ativamente o COSUD, participando de reuniões regulares com governadores do Sul e Sudeste, nas quais a pauta climática tem ganhado protagonismo. Além disso, MG faz parte de redes internacionais como ICLEI, Under2 Coalition e Regions4, promovendo alinhamento de metas e intercâmbio de boas práticas. Tais articulações alcançam os critérios de coordenação horizontal intergovernamental estipulados pelo Painel ClimaBrasil ao promoverem cooperação estruturada, estratégias comuns e mecanismos normativos."
"4143","Governança","2025-08-28","Estado","Minas Gerais","G5","A","Estágio avançado","1","O Estado de Minas Gerais demonstra aderência ao estágio avançado da metodologia do Painel ClimaBrasil, que avalia a existência de mecanismos institucionais ativos para o engajamento de atores não governamentais (sociedade civil, setor privado e academia) na elaboração e implementação de estratégias, políticas e planos climáticos.
Há evidências consistentes da atuação da Câmara de Energia e Mudança do Clima (CEM), vinculada ao COPAM, com representação de diversos setores. A participação é garantida por regulamentação formal (Decreto nº 46.953/2016). Ademais, o processo de construção do PLAC-MG foi marcado por oficinas regionais e consultas públicas que envolveram múltiplos atores não governamentais, reforçando o caráter ativo e plural dos mecanismos de escuta e deliberação. 
Sobre o monitoramento e implementação do PLAC-MG (p. 76 do PLAC-MG), a Fundação Estadual do Meio Ambiente (Feam) é responsável, em articulação com os demais órgãos da administração pública estadual, entidades do setor privado, instituições de pesquisa e ensino e demais representações da sociedade civil, por realizar o monitoramento e avaliação contínua da implementação das ações, metas e estratégias definidas pelo PLAC-MG, devendo apresentar periodicamente os resultados desse acompanhamento (não inferior a 2 anos e não superior a 5 anos). Como o PLAC/MG foi aprovado em 2023, ainda não há esse relatório, embora as ações do PLAC possam ser monitoradas pela População no MRV Climático."
"4165","Governança","2025-08-28","Estado","Minas Gerais","G5","B","Estágio avançado","1","O Estado de Minas Gerais foi classificado no estágio avançado neste item de acordo com os critérios definidos no Manual de Aplicação do Painel ClimaBrasil. O PLAC-MG apresenta ampla participação formalizada, sustentada por mapeamento prévio de partes interessadas e por metodologia de participação estruturada. Foram realizadas oficinas regionais e reuniões setoriais, com participação de representantes da sociedade civil, setor produtivo e academia. O plano registra a inclusão ativa de grupos vulneráveis (negros, indígenas, mulheres, LGBTQIA+) e promoveu consulta pública, com sistematização das contribuições. Adicionalmente, o Estado conta com a Câmara de Energia e Mudança do Clima (CEM), vinculada ao COPAM, instância colegiada e permanente com composição multissetorial. O regimento da CEM assegura representação formal de diferentes segmentos com direito a voto. Trata-se de estrutura institucional que reforça e dá continuidade à representatividade observada na elaboração do PLAC. Para mais, a ferramenta MRV Climático, responsável pelo monitoramento das ações da PLAC, é publica, o que reforça a possibilidade do controle social. Assim sendo, a articulação entre os instrumentos participativos do plano e os espaços deliberativos da política ambiental estadual consolida os requisitos exigidos para a classificação como estágio avançado neste item."
"4289","Governança","2025-08-28","Estado","Minas Gerais","G6","A","Estágio intermediário","0.666","Embora Minas Gerais disponha de instrumentos técnicos robustos, como o Índice Mineiro de Vulnerabilidade Climática (IMVC), que considera exposição, sensibilidade e capacidade adaptativa, a identificação dos grupos sociais e econômicos vulneráveis; todavia não atende integralmente aos critérios do Manual do Painel ClimaBrasil para a classificação avançada. O IMVC utiliza indicadores como renda, saneamento e acesso à saúde, e a plataforma IDE-SISEMA permite a sobreposição de dados geográficos. O PLAC-MG identifica genericamente comunidades tradicionais, mulheres e agricultores familiares como grupos prioritários e cada ação do plano traz um detalhamento sobre a sua interseccionalidade com aspectos de gênero, raça e classe.  Contudo, não há evidência de diagnóstico específico com dados segmentados por raça, etnia, geração, deficiência ou gênero, nem mapeamento de suas necessidades. Tampouco se observa abordagem explícita sobre equidade intergeracional. Ressalta-se que dentre as ações do PLAC/MG, existe uma ação em desenvolvimento cujo objetivo é  ""realizar a identificação e o mapeamento de povos e populações mais vulneráveis aos efeitos das mudanças climáticas no território estadual e realizar ações de promoção da redução dos riscos climáticos"". Portanto, a classificação mais precisa, atualmente, é o estágio intermediário, reconhecendo avanços significativos, mas sem atendimento integral aos critérios para classificação no estágio avançado."
"4464","Governança","2025-08-28","Estado","Minas Gerais","G6","B","Estágio intermediário","0.666","Estado de Minas Gerais apresenta evidências parciais de inclusão efetiva de grupos vulneráveis no processo de tomada de decisão sobre políticas climáticas, conforme critérios Manual de Aplicação do Painel ClimaBrasil. O PLAC-MG relata a realização de consultas públicas, oficinas regionais e instrumentos participativos, incluindo a mobilização de comunidades historicamente marginalizadas como indígenas, quilombolas, LGBTQIA+, mulheres e pessoas com deficiência. A ação 7.8.2.1 (p. 147) prevê a realização ""Encontro Mineiro de Povos Originários e Populações Vulneráveis"", com participação de lideranças tradicionais. Contudo, não há comprovação do uso sistemático de indicadores de participação, nem de ações formativas prévias ou consultas in loco (como rodas de conversa). Também não há evidência de voto qualificado ou poder de veto para esses grupos. A Câmara de Políticas de Energia e Mudanças Climáticas (CEM), por sua vez, assegura a presença da sociedade civil e da academia, mas não garante participação específica ou deliberativa de grupos vulneráveis. A menção aos saberes tradicionais no PLAC ocorre de forma programática, com metas futuras, ainda em desenvolvimento. Assim, diante da insuficiência de mecanismos que, atualmente, garantam influência real dos grupos vulneráveis nas decisões climáticas, adota-se a classificação intermediária para o Estado de Minas Gerais."
"4495","Governança","2025-08-28","Estado","Minas Gerais","G6","C","Estágio intermediário","0.666","A classificação do item G6C como 'estágio intermediário' baseia-se nos critérios do Manual do Painel ClimaBrasil. Em primeiro lugar,  o quadro legal e regulatório de Minas Gerais possui dispositivos insuficientes de justiça climática e equidade. Porém,  o PLAC-MG (Plano Estadual de Ação Climática) incorpora esse princípio em seus fundamentos e nas ações previstas. De forma positiva, esse plano estabelece metas que visam explicitamente enfrentar vulnerabilidades de grupos sociais específicos. Por exemplo, ações como a ampliação do Programa Percursos Gerais priorizam municípios de alta vulnerabilidade com foco em mulheres, jovens e comunidades marginalizadas. As ações previstas no PLAC abordam gênero, raça e classe como dimensões centrais. O MRV Climático, por sua vez, monitora as ações do PLAC num site aberto ao público, garantindo transparência ao monitoramento. Entretanto, faltam mecanismos de salvaguarda social, indicadores desagregados por grupo vulnerável. Ressalta-se que há ação prevista no PLAC/MG para identificar e mapear os grupos vulneráveis, ou seja, essa ação pode sanar essa deficiência. Ademais, o PLAC/MG não possui força normativa própria, embora seu monitoramento esteja previsto no Decreto n. 48.902/2024. Assim, apesar de contar um plano avançado em termos de perspectiva de equidade,  os requisitos para classificação avançada ainda não foram plenamente atendidos."
"4581","Governança","2025-08-28","Estado","Minas Gerais","G7","A","Estágio avançado","1","A Assembleia Legislativa de Minas Gerais demonstra atuação robusta, articulada e institucionalizada no enfrentamento das mudanças climáticas. A Comissão de Meio Ambiente e Desenvolvimento Sustentável possui competência formal para tratar de temas climáticos no Regimento Interno da ALMG e realizou diversas audiências públicas e visitas técnicas com foco em eventos extremos e justiça climática. A ALMG também elaborou o Plam Crise Climática 2025/2026 (Deliberação n. 2.859, de 14/04/2025), com seleção participativa de projetos prioritários e metas mensuráveis, e promoveu o seminário técnico estadual (Crise Climática em Minas Gerais) com  participação de especialistas e sociedade civil. Além disso, tramita projeto de lei específico sobre política climática estadual, evidenciando atuação normativa. No âmbito da fiscalização,  poder legislativo mineiro citou suas funções constitucionais de fiscalização e deu exemplo de um pedido de informação realizado e respondido com foco nas mudanças climáticas.  Essas ações são suficientes para cumprir os critérios estabelecidos no Manual do Painel ClimaBrasil, permitindo classificar esse item no ""Estágio Avançado""."
"4701","Governança","2025-08-28","Estado","Minas Gerais","G7","B","Estágio avançado","1","A Controladoria-Geral do Estado de Minas Gerais (CGE/MG) e o Tribunal de Contas do Estado (TCE/MG) foram classificados em estágio avançado segundo os critérios do Painel ClimaBrasil. A CGE/MG informou que conduz, atualmente, uma ação avaliativa preliminar sobre o combate ao desmatamento (Memorandos nº 22/2025 e nº 75/2025), tema vinculado às mudanças climáticas. Também prestou consultorias técnicas sobre gestão de riscos a outros órgãos estaduais em auditorias com foco climático, como: Race to Zero (Semad), IGAM (outorga hídrica), PAINT 2025 (desmatamento), e licenciamento ambiental (Semad/Sisema). Já o TCE/MG realiza, atualmente, auditoria operacional específica sobre ""Impactos das Mudanças Climáticas no Estado de Minas Gerais"" (15/07/2024 a 15/07/2025), cujo objetivo é avaliar medidas de adaptação e mitigação adotadas pelo Estado. Apesar das iniciativas, a CGE/MG não realizou auditorias com foco central em mudanças climáticas nos últimos cinco anos. Assim, considerando as ações em curso da CGE e do TCE/MG, a classificação mais adequada é o estágio avançado, conforme diretrizes do Manual do Painel ClimaBrasil."
"4721","Governança","2025-08-28","Estado","Minas Gerais","G7","C","Estágio intermediário","0.666","Com base nas evidências obtidas, a classificação mais adequada para este item é intermediária. O TJMG instituiu o CEJUSC Ambiental, núcleo especializado na mediação e conciliação de conflitos relacionados a danos ambientais de grande repercussão social. Essa estrutura atende ao inc. I do art. 6º da Res. CNJ 433/2021.Também instituiu o Núcleo de Justiça 4.0, com atuação efetiva na comarca de Brumadinho (art. 7° da Res CNJ. 433/2021). A EJEF (Escola Judicial Desembargador Edésio Fernandes) promove cursos e seminários sobre direito ambiental e mudanças climáticas, voltados a magistrados e servidores com a inclusão do tema ""mudanças climáticas"" na formação judicial. Tais ações atendem aos incs. II e III do art. 6 da Res. CNJ 433/2021, que tratam da capacitação contínua e da inserção da temática ambiental nos programas de formação. Além disso, o TJMG alimenta o SireneJud, plataforma interinstitucional do CNJ que reúne dados geoespaciais e processuais sobre o meio ambiente, permitindo identificar áreas de desmatamento e o volume de ações ambientais por comarca. Essa participação cumpre parcialmente os incs. V e IV do art. 6°, que tratam do uso de ferramentas geográficas, pois, não há evidências claras de aplicação prática desses dados ou de fomento interinstitucional entre diversos órgãos.  Portanto, embora haja avanços relevantes, as ações previstas no art. 6° da Res. CNJ 433/2021 ainda não foram integralmente implementadas, justificando a classificação intermediária."
"4163","Políticas públicas","2025-08-28","Estado","Minas Gerais","P1","A","Estágio avançado","1","Com base na leitura criteriosa do Manual do Painel ClimaBrasil, a classificação adequada para o item P1-A é 'Avançado'. O manual recomenda a publicação formal de um plano, política ou estratégia de mitigação com metas, prazos e diretrizes, preferencialmente por meio de instrumento normativo, mas não exige lei específica para pontuação máxima. Minas Gerais apresenta o PLAC-MG, que contém metas até 2050, diretrizes por setor, prazos definidos, e está estruturado em eixos temáticos. O plano foi formalmente publicado pela administração pública estadual e está disponível em plataformas oficiais. Complementam esse instrumento as políticas setoriais sobre biogás, hidrogênio, cidades inteligentes e mobilidade, além de integração com o SEEG e estrutura de governança via Decreto nº 48.896/2024. Todos os critérios exigidos são atendidos: documento publicado, metas e prazos claros, abrangência setorial e compromisso institucional. Assim, a ausência de uma lei específica não compromete a classificação no estágio avançado."
"4282","Políticas públicas","2025-08-28","Estado","Minas Gerais","P1","B","Estágio inicial","0.333","A classificação mais adequada para o item P1-B, conforme o Manual do Painel ClimaBrasil, é ""Estágio Inicial"". O Plano Estadual de Ação Climática de Minas Gerais (PLAC-MG) prevê mecanismos de monitoramento por meio do desenvolvimento do MRV Climático, e o Estado adotou o SEEG como plataforma oficial de acompanhamento das emissões de gases de efeito estufa. O atributo 1 está contemplado, pois o PLAC-MG prevê tais mecanismos de monitoramento. O atributo 2 (exige que os mecanismos estejam implementados ou em implementação) também foi atendido: o SEEG já foi adotado oficialmente pelo Estado para monitoramento das emissões de gases de efeito estufa e o MRV, embora em desenvolvimento, monitora parte das ações do PLAC. Entretanto, o atributo 3, que exige monitoramento ao menos uma vez por ano, foi apenas parcialmente cumprido, já que o MRV ainda não cobre todas as ações. O atributo 4, que verifica se os resultados do monitoramento são usados para revisar a estratégia, não foi alcançado, pois o MRV ainda não está plenamente operacional. Assim, apesar dos avanços institucionais, a execução prática encontra-se em fase inicial. Por isso, segundo os critérios do Painel ClimaBrasil, o estágio atribuído é o Inicial, refletindo que os instrumentos estão previstos e parcialmente implementados, mas ainda não garantem o ciclo completo de monitoramento e ajuste."
"4302","Políticas públicas","2025-08-28","Estado","Minas Gerais","P1","C","Estágio intermediário","0.666","A classificação de Minas Gerais como 'intermediário' no item P1-C está de acordo com os critérios do Manual do Painel ClimaBrasil. Este item avalia a transparência na divulgação de ações e resultados de mitigação, com base em quatro atributos: (1) dados públicos disponíveis; (2) linguagem acessível e organização clara; (3) formato reutilizável; e (4) atualização regular. O Estado mantém páginas ativas nos sites da FEAM e da SEMAD com acesso ao PLAC-MG, inventários de emissões, diretrizes setoriais e dados climáticos. A adoção do SEEG como plataforma oficial reforça o compromisso com a transparência e atualização contínua. Os arquivos estão disponíveis em PDF, alguns em CSV e visualização web, com linguagem acessível e estrutura coerente. Os dados foram atualizados até 2023/2024 e estão disponíveis nos links (links relacionados nas evidências abaixo) indicados na resposta do Estado de Minas Gerais à equipe de auditores do TCE/MG. Entretanto, o site do MRV Climático, plataforma digital em desenvolvimento, cujo objetivo é monitorar as ações do PLAC/MG e apresentar os resultados publicamente, está em desenvolvimento. Ademais, há insuficiência de informações sobre as ações do PLAC/MG previstas nos instrumentos de planejamento e orçamento do Estado (LOA, LDO e PPAG). Desta forma, embora o Estado de Minas gerais esteja desenvolvendo ações para melhorar a transparência nesse quesito, a classificação atual mais adequada é no estágio intermediário."
"4303","Políticas públicas","2025-08-28","Estado","Minas Gerais","P2","A","Estágio avançado","1","A classificação ""Avançado"" para o item P2-A é adequada diante dos critérios estabelecidos no Manual do Painel ClimaBrasil. O Estado de Minas Gerais apresenta o PLAC-MG como plano estruturante para a adaptação às mudanças climáticas, com eixos específicos voltados à resiliência e infraestrutura. O plano contém metas de longo prazo, abordando setores vulneráveis como saúde, saneamento, recursos hídricos e habitação, além de estar ancorado em diagnósticos técnicos como o IMVC, que orienta a priorização territorial. A articulação com o SIMGE evidencia a integração com políticas públicas de gestão de riscos. O plano está publicado em site oficial e foi elaborado de forma participativa, demonstrando legitimidade institucional. Portanto, o Governo do Estado de Minas Gerais atende aos atributos para a classificação no estágio avançado: conteúdo dedicado à adaptação, metas e prazos, diagnóstico técnico, integração com outras políticas e formalização oficial. Todos esses pontos estão atendidos, legitimando a classificação no estágio avançado."
"4291","Políticas públicas","2025-08-28","Estado","Minas Gerais","P2","B","Estágio inicial","0.333","Apesar de o PLAC-MG indicar que metas e ações de adaptação são monitoradas pelas instâncias de governança e citar a FEAM e a SEMAD como responsáveis por essa atividade, não foi localizada evidência clara de que o monitoramento seja sistemático, com frequência anual mínima, e que seus resultados sejam utilizados para ajustes efetivos no plano. O manual do Painel ClimaBrasil é explícito quanto à necessidade de frequência, indicadores claros e uso dos resultados para readequação da estratégia (p. 51). O PLAC menciona que suas metas serão monitoradas de forma contínua, mas a periodicidade de sua divulgação será em prazo não superior a 5 (cinco) anos e inferior a 2 (dois). Por meio do MRV Climático, é possível verificar a atualização contínua das Metas do PLAC, mas essa ferramenta ainda está funcionando parcialmente.  O IMVC e outros instrumentos utilizados são mais voltados à vulnerabilidade e não ao monitoramento de ações de adaptação em si. Assim, não se encontraram relatórios regulares relacionados a metas de adaptação, muito embora isso seja possível quando o MRV Climático estiver em pleno funcionamento. Ressalta-se que o PLAC/MG foi publicado em 2023 e está em fase de implementação. Considerando os critérios do Manual, a insuficiência de avaliação contínua, uso dos dados monitorados para melhoria do plano e comprovação de sua frequência, o Estado foi classificado no estágio inicial."
"4292","Políticas públicas","2025-08-28","Estado","Minas Gerais","P2","C","Estágio intermediário","0.666","Minas Gerais avançou na divulgação de informações sobre ações de adaptação climática, especialmente por meio de ferramentas como o Índice Mineiro de Vulnerabilidade Climática (IMVC) e a plataforma IDE-SISEMA, que disponibilizam dados georreferenciados sobre riscos climáticos, eventos extremos, uso do solo e fragilidade ambiental. Esses dados subsidiam o planejamento territorial e a priorização de ações adaptativas em municípios vulneráveis. O Estado também opera o SIMGE, sistema que integra dados climáticos e ações de resposta a desastres, reforçando a capacidade de adaptação preventiva. Além disso, possui o MRV Climático (em desenvolvimento), plataforma digital que acompanha metas do PLAC-MG, incluindo indicadores relacionados à adaptação, como número de municípios com planos de contingência e eventos climáticos registrados. Apesar desses avanços, a divulgação de resultados da estratégia de adaptação apresenta potencial de melhorias. Não há relatórios consolidados com linguagem acessível que demonstrem, por exemplo, os impactos das ações em populações vulneráveis, nem informações sobre os recursos financeiros aplicados. A plena implementação do MRV Climático e a integração do PLAC/MG com os instrumentos de orçamento do Estado podem suprir essa lacuna. Desta forma, embora o Estado de Minas gerais apresente um arcabouço de transparência robusto e em desenvolvimento, seu estágio atual foi classificado como intermediário."
"4467","Políticas públicas","2025-08-28","Estado","Minas Gerais","P3","A","Estágio intermediário","0.666","A classificação do item P3-A como ""Estágio Intermediário"" é a mais coerente com os critérios do Manual do Painel ClimaBrasil. O Estado de Minas Gerais, por meio do PLAC/MG, estabelece diretrizes estratégicas com potencial de conexão com instrumentos territoriais, como densificação urbana, uso sustentável do solo e zonas de contenção à expansão urbana. Além disso, o estado possui o ZEE-MG, integrado ao IDE-Sisema, mas que não leva em consideração a necessidade de redução de emissões de GEE.  No entanto, conforme resposta do Estado a questionário realizado pela equipe de Auditores do TCE/MG, a integração das ações de mitigação ao planejamento territorial ainda é incipiente e depende de avanços regulatórios e normativos. Outrossim, não foi identificado monitoramento contínuo de ações sobre esse quesito."
"4469","Políticas públicas","2025-08-28","Estado","Minas Gerais","P3","B","Estágio intermediário","0.666","O estágio alcançado pelo Estado de Minas Gerais neste item foi o intermediário. O PLAC-MG define o transporte como setor estratégico para mitigação, com metas de eletrificação de frotas, estímulo ao transporte público e não motorizado, e reorganização da malha de mobilidade urbana. Dentre essas ações, está prevista a implementação do Plano de Mobilidade Urbana da RMBH que, por sua vez, irá incorporar a eficiência energética e sustentabilidade nas suas ações. Há também o Plano de Descarbonização do Estado, que propõe diversas ações no setor de transportes para redução dos gases de efeito estufa (GEE).  No entanto, tanto a implementação das ações quanto seu respectivo monitoramento estão em desenvolvimento (o PLAC foi publicado em 2023). O sistema MRV Climático, principal responsável pelo monitoramento das ações do PLAC/MG,  está em fase de desenvolvimento, e, em parte significativa delas, o monitoramento não foi iniciado ou ainda está em desenvolvimento. Para mais, não há relatórios públicos regulares que comprovem a mensuração dos impactos das ações do PLAC/MG de transporte sobre a emissão de GEE. Portanto, a classificação do Estado neste item, atualmente, é o estágio intermediário."
"4494","Políticas públicas","2025-08-28","Estado","Minas Gerais","P3","C","Estágio intermediário","0.666","O Estado de Minas Gerais possui uma estratégia elaborada da gestão de resíduos. As ações previstas no PLAC/MG, aliada às ações previstas no Plano Estadual de Resíduos Sólidos, trazem iniciativas específicas como compostagem, biodigestão, logística reversa, fechamento de lixões e aproveitamento energético do biogás. Essas ações estão diretamente relacionadas à redução das emissões de GEE, especialmente metano. Em relação ao monitoramento dessas metas estabelecidas no PLAC, elas são monitoradas pelo sistema MRV Climático, com metas e indicadores públicos setoriais para resíduos. Entretanto, embora a plataforma MRV Climático já esteja monitorando algumas ações específicas relacionadas a resíduos, a maior parte delas ainda está desenvolvimento e não estão sendo monitoradas. Desta forma, como o MRV Climático ainda está em fase inicial de implementação em relação ao monitoramento dessas ações, a classificação do Estado neste item alcançou o estágio intermediário."
"4473","Políticas públicas","2025-08-28","Estado","Minas Gerais","P3","D","Estágio intermediário","0.666","O setor de energia é tratado com prioridade no PLAC-MG, documento estruturante da política climática estadual. O plano estabelece metas concretas de descarbonização até 2050 e prioriza a substituição de combustíveis fósseis por fontes renováveis, como solar, eólica e biomassa. Entre as ações específicas estão o incentivo à geração distribuída renovável, programas de eficiência energética em prédios públicos e a eletrificação de frotas. As metas são desdobradas por setor, com prazos definidos e detalhamento técnico. Ademais, há atuação de outros atores na promoção da transição energética sustentável como: BDMG, Cemig e Comitê Intragovernamental de Energia e Mudança do Clima (CIMC). O Estado também dispõe de mecanismos de monitoramento via painéis de indicadores e integração com o sistema MRV Climático, que mensura, relata e verifica o desempenho setorial. Entretanto, esse mecanismo de Monitoramento, ainda se encontra em desenvolvimento. Das 14 ações do setor energia, 5 estão sendo monitoradas e 9 estão em desenvolvimento. Assim, Minas Gerais, em face do monitoramento em desenvolvimento das ações do PLAC/MG, atualmente está classificado no estágio intermediário."
"4601","Políticas públicas","2025-08-28","Estado","Minas Gerais","P4","A","Estágio avançado","1","A classificação de ""estágio avançado"" é justificada com base no atendimento aos critérios estabelecidos pelo Manual do Painel ClimaBrasil. O principal documento evidenciado, o Plano Mineiro de Segurança Hídrica (PMSH), incorpora projeções de cenários climáticos e avaliação sistemática de vulnerabilidades hídricas, com base em tendências de precipitação, temperatura e eventos extremos. O plano apresenta detalhamento regionalizado por bacia hidrográfica, com identificação de áreas críticas e definição de estratégias adaptativas. O PLAC/MG incorpora diversas ações sobre recursos hídricos, inclusive uma ação para monitorar a implementação do PMSH (com o indicador ""Percentual de ações do Plano Mineiro de Segurança Hídrica executadas""). Entretanto, o MRV Climático, ferramenta responsável por monitorar as ações do PLAC/MG, ainda está em desenvolvimento, com o monitoramento efetivo de 2 ações das 7 previstas. Para mais, não foram encontradas evidências de um monitoramento das ações específicas previstas no PMSH, embora o MRV Climático, quando implementado na sua totalidade, possa cumprir essa função. Ressalta-se que o Estado de Minas Gerais possui o SIMGE, sistema que faz, diariamente, a vigilância e a previsão do tempo e do comportamento hídrico, com detalhamento na escala regional, fornecendo produtos personalizados às atividades de preservação ambiental, socioeconômicas e de defesa da população."
"4602","Políticas públicas","2025-08-28","Estado","Minas Gerais","P4","B","Estágio avançado","1","A classificação de ""estágio avançado"" atribuída ao item P4-B é coerente com os critérios estabelecidos no Manual de Aplicação do Painel ClimaBrasil. O Estado possui planejamento e gestão da saúde pública voltados à resiliência climática, como demonstrado no PLAC-MG (2023), que traz diagnóstico de vulnerabilidades, projeções climáticas e estratégias específicas para doenças sensíveis ao clima, como arboviroses, estresse térmico e doenças respiratórias. O plano apresenta metas concretas, como a expansão do Programa Permanente de Dengue e a articulação com as Regionais de Saúde. Ademais, há ações educativas previstas no Programa de Educação Ambiental, que inclui capacitação de profissionais da saúde e campanhas informativas com interface climática. Há evidências de implementação no MRV Climático, sistema que monitora as ações do PLAC/MG; das 10 ações previstas para o setor sáude, 4 ações estão em monitoramento e 6 em desenvolvimento (construção dos indicadores). Além disso, o Estado possui o programa VIGIDESASTRES, vinculado à SES-MG e operacionalizado como vigilância de desastres climáticos com impacto em saúde. Por fim, planos de contingência da Defesa Civil integram a Secretaria de Saúde como órgão de apoio direto na resposta a eventos extremos. Nesse contexto, apesar da possibilidade de aprimorar o monitoramento, diante das exigências do Manual do Painel ClimaBrasil para este item, o Estado alcançou o estágio avançado."
"4610","Políticas públicas","2025-08-28","Estado","Minas Gerais","P4","C","Estágio avançado","1","A classificação no ""estágio intermediário"" atribuída ao item P4-C é justificada com base nos critérios do Manual do Painel ClimaBrasil, considerando a escolha do setor agropecuário e de segurança alimentar como área estratégica para avaliação. O Estado de Minas Gerais apresenta planejamento e gestão que abordam a adaptação climática, conforme demonstrado no PLAC-MG (2023), que realiza diagnóstico específico para o setor agropecuário e segurança alimentar, considerando projeções de aumento da temperatura, mudanças no regime de chuvas, estiagens prolongadas e seus efeitos sobre a produção. O plano prevê medidas como a adoção de práticas sustentáveis (plantio direto, integração lavoura-pecuária-floresta, recuperação de pastagens) e diversificação de culturas. Há sistemas de monitoramento em operação por meio do IDE-SISEMA e de plataformas integradas de órgãos como IGAM e EMATER, que possibilitam o acompanhamento contínuo dos riscos climáticos, porém, esse sistema não constitui um ""sistema de monitoramento das projeções de cenários climáticos futuros em operação"", conforme exigido pelo Atributo 2 do Manual do Painel ClimaBrasil. As evidências de implementação parcial das ações do PLAC/MG podem ser verificadas na plataforma MRV Climático, que monitora as ações do PLAC/MG nos setores Agropecuário e Segurança Alimentar. Assim, em razão da ausência de sistema de monitoramento das projeções de cenários climáticos futuros, o Estado alcançou o estágio intermediário."
"4681","Políticas públicas","2025-08-28","Estado","Minas Gerais","P4","D","Estágio avançado","1","O Plano Estadual de Ação Climática (PLAC/MG) dedica um eixo específico ao setor de energia, com ênfase na geração descentralizada e no uso de fontes renováveis, sobretudo a energia solar. São 14 ações previstas para o setor, das quais 5 já estão em monitoramento ativo por meio do sistema MRV Climático, responsável pelo acompanhamento das metas do plano. Adicionalmente, a Companhia Energética de Minas Gerais (CEMIG) elaborou o Plano de Adaptação às Mudanças Climáticas (2024/2025), que inclui mapeamento dos riscos climáticos e projeções baseadas em dados do INMET, ANA, ONS e Cemig GT. A CEMIG adota tecnologias modernas de monitoramento, como gêmeos digitais (permite o monitoramento das projeções de cenários climáticos futuros) e alertas meteorológicos, e possui diversas ações em andamento para adaptação. No entanto, não há comprovação de um monitoramento específico e sistemático das ações previstas nesse plano de adaptação. Ainda assim, há evidências concretas da implementação e monitoramento de parte das ações do PLAC/MG (via MRV Climático) e de investimentos substanciais da CEMIG, incluindo mais de R$ 4 bilhões em manutenção preventiva, modernização de subestações, automação e reforço da rede elétrica para enfrentar eventos climáticos. Assim, mesmo com falhas o monitoramento e na coordenação entre o PLAC/MG e o plano da CEMIG, o conjunto robusto das ações nesse setor justifica a classificação no estágio avançado."
"4702","Políticas públicas","2025-08-28","Estado","Minas Gerais","P5","A","Estágio avançado","1","Em primeiro lugar, o Estado de Minas Gerais integra a perspectiva das mudanças do clima em seus instrumentos oficiais, como o PLAC-MG e o Índice Mineiro de Vulnerabilidade Climática (IMVC), que consideram projeções de cenários futuros, como alterações em padrões de chuva, seca e temperatura (PLAC-MG). Segundo, há detalhamento técnico por área de risco: o IMVC classifica os municípios segundo sua vulnerabilidade social, ambiental e econômica, permitindo a identificação territorial de ameaças e grupos em risco. Em terceiro, há integração com sistemas de monitoramento e alerta, como o S2iD, o SIMGE, o CEMADEN e o INMET, articulando o Estado a uma rede nacional de resposta a desastres. Por fim, os instrumentos utilizados são recentes: o PLAC-MG foi publicado em 2023; e os sistemas de monitoramento fornecem dados atuais. Entretanto, o Estado de Minas Gerais não possui um Plano Estadual de Defesa Civil (PEPDEC). Ainda que o PLAC/MG supra parte significativa das funções esperadas de um PEPDEC, do ponto de vista legal e da governança federativa da política de defesa civil, a ausência de um PEPDEC formal e publicado é uma lacuna que pode comprometer articulações, financiamentos e clareza normativa. Ressalta-se que o PL 624/2019, institui diretrizes para elaboração do PEPDEC para desastres hídricos. Entretanto, embora Minas Gerais não tenha um PEPDEC aprovado, evidenciou possuir um planejamento e mapeamento de riscos robusto, o que permite sua classificação  no estágio avançado."
"4703","Políticas públicas","2025-08-28","Estado","Minas Gerais","P5","B","Estágio avançado","1","Minas Gerais foi classificada como 'avançado' no item P5-B do Painel ClimaBrasil, que avalia as ações de prevenção, preparação e resposta a desastres climáticos. Essa classificação se justifica porque o Estado cumpre os critérios exigidos. Primeiro, o Plano Estadual de Ação Climática (PLAC-MG) apresenta soluções baseadas na natureza, como reflorestamento, gestão de encostas e recuperação de áreas degradadas, que ajudam a reduzir os danos de desastres. Segundo, o Estado utiliza sistemas de alerta integrados como o S2iD, INMET e CEMADEN, que permitem monitorar chuvas, deslizamentos e enviar alertas à população. Terceiro, há previsão de capacitação no PLAC/MG para prevenção de desastres, bem como evidências de capacitação contínua pela Defesa Civil (promove cursos e simulados para preparar os municípios e a população). Desta forma, o Estado de Minas Gerais pode ser classificada no estágio avançado."
"4704","Políticas públicas","2025-08-28","Estado","Minas Gerais","P5","C","Estágio avançado","1","Em Minas Gerais, os planos estaduais de defesa civil contemplam a avaliação das necessidades pós-desastre com enfoque nos impactos climáticos, incorporando metodologias para uma reconstrução resiliente. O SIMGE, plataforma estadual integrada, reúne dados e sistemas para monitoramento, alerta e gestão de emergências relacionadas a desastres naturais e climáticos, facilitando a coordenação das ações de defesa civil e a alocação eficiente de recursos para resposta e recuperação. Além disso, existem fundos estaduais e parcerias que apoiam financeiramente ações voltadas à adaptação e à recuperação em contextos de eventos extremos, com destaque para o cadastro de Minas Gerais no S2iD. O Plac-MG contempla de forma detalhada a recuperação pós-desastres, integrando ações de resposta, restabelecimento e reconstrução sustentável com atuação coordenada da Defesa Civil e apoio técnico a municípios. Nesse contexto, o Estado de Minas Gerais foi classificado como ""Avançado"" neste item, conforme os critérios do Manual do Painel ClimaBrasil."
